Cell	Percent_Mitochondrial	Clusters
A1_1	4.48356848964311	0
A2_1	7.84774436090225	0
A3_1	6.40387435363124	3
A5_1	9.45819805194805	4
A6_1	8.46871422656307	0
A7_1	6.00014732034809	0
A9_1	8.01338035131661	4
A10_1	2.51000610542026	4
A11_1	4.4568155489767	4
A13_1	8.12397479064146	6
A14_1	11.3892151105892	4
A15_1	10.377358490566	9
A18_1	2.67993874425727	4
B3_1	5.00482780817509	0
B4_1	4.3101765593115	0
B5_1	5.87779022666552	0
B6_1	2.43397155411871	3
B7_1	7.03087972583761	0
B8_1	6.82608606177844	7
B9_1	8.87433472501967	0
B10_1	2.76440706988071	4
B13_1	4.43197650337011	0
B15_1	6.85436029266364	1
B16_1	6.10989568470782	4
B17_1	5.82100684474894	0
B19_1	8.33496380356095	6
B23_1	3.36700336700337	9
C2_1	6.61605578647247	3
C3_1	6.31108293066882	0
C4_1	3.44408974416618	3
C5_1	6.01852641634965	7
C6_1	7.77720834540282	0
C7_1	6.58839008053584	0
C8_1	7.56749417275792	0
C9_1	9.71752412999203	4
C11_1	6.35888333687033	0
C12_1	8.39689399287202	6
C13_1	7.53041433538736	3
C14_1	12.7085949092569	6
C16_1	5.70926063721843	0
C17_1	4.75814672322515	0
C19_1	12.3378755540962	0
C24_1	4.74418604651163	4
D1_1	7.8397623777957	4
D2_1	11.9122257053292	9
D3_1	8.38453914767096	0
D4_1	8.49644600042436	4
D5_1	13.4117720200811	6
D6_1	7.99016594960049	9
D7_1	3.59867191869667	3
D8_1	6.19214571263655	0
D10_1	3.81716631338111	3
D11_1	7.45603264257513	3
D16_1	5.50003134992789	0
D17_1	6.53045507055972	7
D20_1	3.17401045556385	9
D23_1	3.99520974019494	0
D24_1	6.03374768248703	0
E1_1	8.16448152562574	4
E2_1	10.8415645989727	0
E3_1	12.4575525091183	4
E4_1	3.81194409148666	3
E5_1	9.89986701087382	3
E6_1	7.44220924096687	0
E7_1	4.88678790798507	3
E8_1	6.09470320519028	3
E10_1	5.34028911632352	3
E11_1	11.0910090459293	4
E12_1	6.46326872457526	4
E13_1	7.68074714186034	1
E14_1	6.49397644859249	3
E15_1	7.03267929975327	0
E16_1	9.41463314688467	3
E17_1	7.38946464708407	0
E18_1	8.96324847175508	3
E20_1	7.9499134141468	3
E22_1	3.81570755136529	3
E23_1	8.64925582701489	6
E24_1	5.93734356263898	4
F2_1	8.58524406238642	0
F3_1	6.97202912942734	0
F4_1	5.4712141480836	3
F5_1	4.77824062729723	7
F6_1	8.6586556057094	0
F7_1	4.57840641814608	4
F8_1	5.70141932371034	4
F9_1	10.4302432699853	4
F11_1	6.67306601509664	0
F12_1	7.70672971762476	0
F13_1	15.5380043791054	1
F14_1	5.40613232920925	3
F15_1	9.55851338051273	4
F16_1	4.92281262098335	4
F17_1	6.48676877241946	3
F18_1	3.09020392843738	0
F19_1	7.28747616580882	4
F20_1	4.5101478326234	0
F21_1	5.97048368862227	0
F22_1	4.99789709799523	4
G1_1	6.38667386769175	6
G4_1	9.1621521028907	0
G5_1	10.255722276114	4
G6_1	7.06193719136301	6
G7_1	8.65322256879034	0
G9_1	10.7584940808034	3
G12_1	5.19783094446564	3
G13_1	4.64031488150071	4
G14_1	6.67618479372656	3
G15_1	5.84017325786667	1
G16_1	9.3011698933637	4
G18_1	9.16128788022184	3
G19_1	2.98627348061904	0
G20_1	6.3875001911052	3
G21_1	4.80544358392779	4
G22_1	4.6432466995148	4
G23_1	8.22037603847835	3
G24_1	10.8421784830998	4
H1_1	7.16660544582897	0
H2_1	8.74913046227788	0
H5_1	7.75323023364798	0
H6_1	8.45004257318183	1
H7_1	7.43170197224251	4
H8_1	7.23991367159971	4
H9_1	10.2968660149511	4
H10_1	7.18620475025109	3
H11_1	3.39499522915448	3
H12_1	4.91858740251741	0
H13_1	11.8138795384252	4
H14_1	9.50094671355153	3
H15_1	4.27159043633605	3
H16_1	5.8000740677435	7
H17_1	8.67624391146185	3
H18_1	8.3659940968694	4
H19_1	5.61722212312885	3
H20_1	7.53441101152369	0
H21_1	6.39079531691563	4
H22_1	8.99939903846154	4
H23_1	3.44864302108227	0
H24_1	4.14512116723034	4
I3_1	10.1249026451669	4
I4_1	6.68968974544644	1
I5_1	10.5222489886823	0
I6_1	7.53962320574163	3
I7_1	4.58912400594517	3
I8_1	6.77727494793139	0
I9_1	5.35202945320667	3
I10_1	5.70587804341986	0
I11_1	7.13269675461568	0
I13_1	1.8515419555343	4
I14_1	5.89043743423454	4
I15_1	5.45774215970888	3
I16_1	7.84607803226705	4
I17_1	7.23384007222859	4
I18_1	10.1530161387842	4
I19_1	7.16839221876596	3
I21_1	6.21108373906465	0
I22_1	3.84676479932225	0
I23_1	5.27642985660542	4
I24_1	6.23365241088424	3
J1_1	12.0614035087719	6
J2_1	14.9243903012629	4
J6_1	6.36856368563686	6
J8_1	6.06366738505747	3
J10_1	8.88770204677903	7
J13_1	6.4290018712931	3
J15_1	4.81166150670795	0
J16_1	4.12187267773099	3
J17_1	8.93158553277965	0
J18_1	4.60024009603842	3
J19_1	12.3364122087867	4
J20_1	9.72684414864116	1
J22_1	7.00587229614213	0
J24_1	4.77512781252433	0
K1_1	7.95828670591479	0
K2_1	7.39270451461325	4
K3_1	8.95060718143432	6
K4_1	6.47917054696715	3
K5_1	4.64721981176156	3
K6_1	9.82034813366843	6
K7_1	2.71940377336345	3
K8_1	6.39587208255835	4
K12_1	4.9302539540799	3
K13_1	8.55646606468675	4
K14_1	6.910361175223	3
K15_1	8.65188523750547	1
K16_1	7.24386780524811	3
K17_1	6.04058242208058	4
K18_1	9.76343867836792	0
K19_1	11.2798933422215	3
K22_1	6.43078137004506	6
K23_1	6.16182654143907	1
K24_1	8.81786676934925	3
L1_1	8.63036264234727	3
L2_1	7.86226811340567	0
L3_1	4.7452326727625	4
L4_1	4.2501517911354	3
L5_1	6.77125274637875	0
L6_1	7.38811339761117	6
L7_1	2.50567560750021	4
L8_1	10.1055006303497	4
L9_1	6.19451124946618	1
L10_1	3.62621141133432	0
L11_1	4.95553081226717	3
L12_1	9.32605969122168	0
L13_1	6.93258508502455	3
L14_1	5.59390832864211	3
L15_1	5.76838256445004	3
L16_1	7.44837036312029	6
L17_1	11.4176519765914	7
L18_1	9.93327517506425	3
L20_1	5.31370241994466	0
L21_1	8.345605462213	3
L22_1	3.53032030301916	3
L24_1	3.75045555445118	3
M1_1	8.22520377757107	4
M2_1	3.78930235999112	3
M3_1	7.73930479484315	4
M4_1	11.3631928181109	0
M6_1	6.3226052180537	4
M7_1	4.46023611088369	0
M8_1	3.83724950765946	3
M9_1	5.11355649711841	0
M10_1	4.43476481421931	0
M11_1	5.80794325210928	0
M12_1	8.35828098050955	4
M13_1	8.36831557852547	0
M14_1	6.21084173249795	1
M15_1	6.89161787554533	3
M16_1	2.59833595931117	3
M17_1	5.59502503751107	3
M18_1	8.34396095835672	4
M19_1	7.35106087278792	3
M21_1	5.29948081549956	0
M22_1	4.47215503100064	3
M23_1	8.5428327483161	0
M24_1	7.72438663806732	3
N1_1	5.70916121217768	3
N3_1	8.46325167037862	0
N4_1	3.16623643879632	4
N5_1	6.30962897526502	0
N8_1	9.92975211126042	4
N9_1	8.41631414475337	4
N10_1	10.0662239786363	8
N11_1	12.9525615775525	4
N12_1	5.57187982075957	4
N13_1	4.24003230500804	3
N17_1	4.19125317224307	0
N20_1	6.27358924790574	4
N21_1	10.5398015780017	6
N22_1	8.06816878798303	0
N23_1	5.40271599157106	4
N24_1	9.13586837064716	3
O1_1	7.32792659538463	3
O2_1	10.4278495870371	0
O3_1	7.71029262206565	3
O5_1	10.2111597374179	4
O7_1	9.19214648135892	4
O9_1	4.14741606738714	3
O10_1	3.96174547806602	4
O11_1	7.57954601166838	0
O12_1	5.43665990838777	3
O13_1	6.50241989319092	6
O14_1	7.39845261121857	1
O15_1	4.1777849966355	0
O17_1	5.40031357475217	0
O18_1	5.93581420864954	4
O19_1	4.76926177201585	9
O20_1	2.55750085822176	4
P1_1	5.42136793750926	3
P2_1	5.77380768398603	7
P3_1	9.20320391160292	0
P4_1	10.8193419411084	6
P5_1	10.8640931537383	3
P6_1	4.30749105665011	3
P7_1	2.49662618083671	3
P9_1	7.92958789174961	0
P10_1	6.25950836736328	1
P11_1	4.79773539321346	0
P12_1	4.3570059924088	3
P13_1	7.04473941191362	4
P14_1	9.47277988786399	4
P15_1	10.0176068737235	4
P17_1	4.19002583727392	3
P18_1	5.05958531377006	3
A1_2	7.84427310135432	7
A3_2	13.9286434186656	9
A5_2	5.56612053832651	7
A9_2	5.16922477853133	1
A15_2	6.43753554000978	7
A16_2	5.5489185110664	1
A19_2	12.751677852349	6
A22_2	7.11610486891386	9
A24_2	2.33365569066379	4
B1_2	10.5005531900627	0
B4_2	9.45067109450671	7
B7_2	4.04828226555246	6
B8_2	4.97444461312687	1
B9_2	3.06803896920176	4
B15_2	7.81891559922794	4
B16_2	11.3489031039368	4
B18_2	9.81757235866692	6
B22_2	3.2256157052893	3
B23_2	6.14619749834114	1
B24_2	13.189411462349	6
C2_2	6.6147859922179	9
C4_2	4.4280442804428	9
C5_2	8.69511971097912	7
C7_2	8.20265663571177	1
C9_2	11.3449434987842	6
C14_2	7.9106592216018	1
C15_2	4.95727873609543	6
C16_2	6.48554487286858	7
C17_2	6.63992029941571	4
C21_2	8.7752614721805	7
C22_2	11.5857655087327	6
C23_2	3.029613792476	7
C24_2	11.7808729011294	6
D3_2	4.73072710823294	6
D4_2	9.36144578313253	7
D5_2	10.1517440263664	1
D6_2	18.7524066230266	6
D7_2	13.7178924425205	1
D9_2	6.60690643109847	0
D11_2	13.1297237341037	7
D14_2	4.05345994900202	1
D15_2	10.1359169984506	7
D18_2	11.1643063040481	6
D21_2	3.48912341158734	7
D22_2	6.39615308609446	6
D24_2	4.66533156573492	7
E3_2	10.5847453818149	1
E4_2	12.037705628274	0
E5_2	11.8522319138019	7
E6_2	2.57693536364604	6
E7_2	13.3710565072475	6
E8_2	13.4291090685388	6
E9_2	8.20024634141249	7
E10_2	9.08222012324023	4
E11_2	10.1983248708936	6
E12_2	14.0772147678973	4
E13_2	9.88431876606684	6
E16_2	10.8517585595671	6
E19_2	4.73768248175182	7
E20_2	3.44868792122748	7
E21_2	7.3863715459038	1
E22_2	4.11959134615385	3
E23_2	11.8028821334277	7
E24_2	8.73239436619718	9
F3_2	12.6054150022193	6
F4_2	7.06093189964158	1
F5_2	5.07515642605423	4
F6_2	9.81674739102212	6
F7_2	8.35083495543489	7
F8_2	12.979649122807	4
F9_2	5.59820304593587	3
F10_2	4.26675817890643	0
F11_2	9.02682874199813	7
F12_2	8.56020256701301	1
F14_2	7.69146873485216	7
F15_2	9.26808620277159	7
F16_2	11.2453012484715	7
F19_2	9.54330353789529	1
F21_2	7.4732564393713	1
F22_2	8.56132265066053	7
F23_2	7.37137633846958	6
F24_2	2.59538183855107	1
G1_2	9.85277463193658	1
G2_2	6.25886580714308	1
G3_2	7.07414261658247	1
G4_2	9.39992516296748	1
G5_2	5.58062292410854	1
G6_2	8.26825193301472	1
G7_2	10.8604427333975	7
G8_2	17.5793619116043	8
G9_2	8.74111510836144	1
G10_2	11.4921877079507	4
G11_2	10.4169995206902	1
G12_2	7.83944323773217	1
G14_2	5.73793399978501	4
G15_2	8.36088301162419	1
G19_2	8.49312020175797	7
G20_2	17.9460714746484	6
G21_2	8.80488514102937	7
G22_2	5.91196006435909	7
G24_2	5.66342814560691	7
H1_2	14.5881083996225	0
H2_2	8.45701192522002	1
H3_2	7.07044187737297	8
H4_2	9.11535051339988	1
H5_2	7.30457594928061	0
H6_2	11.8201117088151	6
H7_2	12.061770658937	4
H8_2	7.12595397266757	6
H9_2	13.0800660919908	7
H10_2	9.75314052001169	7
H11_2	13.9575772603296	4
H12_2	5.51423490946636	8
H14_2	8.35106208882925	6
H15_2	13.8725800467076	6
H16_2	6.33457180863263	1
H17_2	13.4546642579852	6
H19_2	11.8473922749104	6
H20_2	8.12616713352008	8
H21_2	5.48281376165671	0
I1_2	13.4294289216722	7
I2_2	9.16635063689294	6
I3_2	6.43051141288645	7
I4_2	3.3552887594944	7
I5_2	12.0452672146851	1
I7_2	5.76185043045327	1
I8_2	4.35893127205512	0
I9_2	8.69854721549637	6
I10_2	6.19995087202162	1
I11_2	9.76364889652191	7
I12_2	8.03642506261771	3
I13_2	14.5381715362865	6
I14_2	14.3841604525585	6
I15_2	7.68634928201156	1
I16_2	11.3209254622787	0
I19_2	3.42117052905958	1
I20_2	8.58508604206501	1
I21_2	8.70071447472877	1
I24_2	8.56672551171335	7
J1_2	6.04062352385451	7
J2_2	7.94848951162226	1
J3_2	4.51360674587965	0
J5_2	14.5888740371233	0
J7_2	9.2264894521289	1
J8_2	11.5930567384516	1
J9_2	14.3452661328309	6
J10_2	8.38111431847839	3
J11_2	10.1226889806072	6
J12_2	11.6593164277839	7
J13_2	12.4319459079733	6
J14_2	8.78537367511401	7
J15_2	7.82134687454371	1
J17_2	7.17890567604689	8
J18_2	10.9118551535883	6
J20_2	15.3704898506129	6
J23_2	15.102409848037	6
K1_2	10.4578447794528	1
K3_2	16.4151391497722	6
K4_2	11.5281289506953	7
K6_2	12.2775327045939	6
K8_2	10.4047140812091	7
K9_2	8.64578112736522	7
K10_2	5.23362497673058	7
K11_2	5.11456964520368	7
K12_2	5.80354011270372	1
K13_2	7.92386771242727	3
K14_2	10.9350831966253	6
K15_2	10.9640597212457	4
K16_2	6.80185117525271	8
K17_2	7.16655607166556	7
K20_2	13.318190246616	6
K24_2	10.8494288681205	6
L1_2	14.0279256892675	6
L2_2	3.31792358950458	8
L3_2	9.5179264787454	1
L4_2	11.5001114081996	7
L5_2	5.73440451882526	0
L6_2	13.5387407094385	7
L7_2	6.7406544950083	1
L8_2	13.0627443679017	1
L9_2	11.3367636748226	6
L10_2	10.2376147138342	8
L11_2	16.6014724751784	3
L12_2	17.3090036917723	6
L13_2	7.47448070594646	7
L14_2	9.61860508998278	7
L15_2	6.5188375902445	1
L16_2	15.2442956730031	6
L17_2	3.79925462242646	1
L18_2	7.21161728539642	1
L24_2	14.5912074796101	6
M1_2	2.30729518287598	4
M2_2	8.11480991353282	6
M3_2	2.90055357072749	0
M4_2	3.89109028758014	0
M5_2	12.6245095079988	6
M6_2	6.27607952721711	3
M7_2	10.8123414603966	7
M8_2	4.99619911400037	7
M10_2	11.4235593369003	1
M11_2	12.5260268786674	0
M12_2	5.74948665297741	1
M13_2	7.76538518481962	1
M14_2	11.0942043687022	7
M15_2	10.8726338267762	6
M16_2	9.5222253499501	7
M17_2	8.40186046511628	6
M18_2	10.8164196458796	7
M19_2	11.8793172877366	4
M24_2	7.76211558360049	6
N1_2	6.17211996876056	7
N2_2	11.1163787772602	7
N3_2	12.3165398670101	1
N4_2	10.089555030748	7
N5_2	8.43564380293738	0
N6_2	9.17672992141077	3
N7_2	12.3787444329205	6
N8_2	16.2678515619692	6
N9_2	10.7671658660639	3
N10_2	3.44286867289289	7
N11_2	9.06481832457898	7
N12_2	7.01603665521191	1
N13_2	13.4809353656882	6
N14_2	11.4127537420545	6
N15_2	9.49381184181223	6
N16_2	25.3866544615443	6
N18_2	5.1008541023172	3
N19_2	14.5183353501342	6
N20_2	5.89182227945911	7
N22_2	9.88829884636514	9
N23_2	4.86467414474942	6
N24_2	9.91284389442015	1
O1_2	6.89400337837838	7
O2_2	2.89178631221146	6
O3_2	8.12490617024471	1
O4_2	8.81067782918411	3
O5_2	10.8845626801493	1
O6_2	10.8571755060064	7
O7_2	6.6363208287553	7
O8_2	8.45894771429745	1
O9_2	7.29091471589151	4
O10_2	5.51767836776074	1
O11_2	10.801547956293	7
O12_2	15.8774523946913	6
O13_2	13.1788568742024	6
O15_2	7.6554604667465	6
O17_2	7.64310948147404	1
O18_2	4.719675067842	0
O20_2	4.75829278670934	4
P2_2	13.3944928662633	0
P3_2	6.70845209702751	1
P4_2	6.73644255702957	7
P7_2	17.2071830608416	6
P8_2	9.91349036402569	8
P9_2	9.73191685203651	7
P10_2	10.2225896718392	1
P11_2	7.36045295095083	0
P12_2	6.85359164381164	7
P13_2	8.98323758558275	1
P14_2	5.54425631950131	6
P15_2	11.4637582511516	3
P16_2	10.730037319187	6
P17_2	12.281678380071	3
P18_2	4.81828003953932	1
P19_2	12.8282290279627	6
P20_2	16.385288966725	6
A2_3	6.99443867261505	0
A3_3	5.2601928308143	3
A5_3	10.657691316671	4
A7_3	5.13668337475254	3
A9_3	11.0519562594557	4
A10_3	10.8670043585817	4
A16_3	7.51483318743313	3
A21_3	12.3978201634877	9
A22_3	15.7510688225272	4
A24_3	6.43346427936909	7
B2_3	6.14952987564452	3
B3_3	14.1957812453382	4
B4_3	10.7558553850539	3
B5_3	11.1021495949784	4
B6_3	7.2168092857748	1
B8_3	3.59319948548739	3
B9_3	9.17509422378361	0
B11_3	5.08373529889979	0
B12_3	11.344894026975	4
B13_3	10.4415864736037	9
B14_3	6.80176478221376	3
B20_3	6.07904531222308	0
B21_3	8.21048100720973	3
C1_3	5.90477274020138	0
C3_3	8.37538844002486	3
C4_3	10.6031685436152	0
C9_3	6.8899553092894	0
C10_3	4.87919305653296	1
C11_3	8.80263142492596	0
C12_3	12.2495202743087	6
C13_3	9.66436517069429	3
C14_3	11.224047219446	4
C17_3	16.7582417582418	9
C21_3	7.24537883841536	3
C24_3	10.6918238993711	9
D1_3	6.09679522786002	3
D3_3	4.34077687098928	0
D5_3	9.34859634777868	4
D6_3	5.34012539184953	0
D7_3	8.84434176777691	7
D8_3	8.66189563203553	4
D9_3	5.65874978434643	0
D10_3	5.91277573308316	3
D12_3	5.83715087926703	3
D13_3	10.1533769844829	9
D14_3	8.95112677362515	0
D15_3	14.4695830735947	4
D16_3	12.3993419343666	6
D17_3	11.3843085508224	7
D18_3	6.84100094348922	3
D19_3	11.3629773661499	4
D22_3	5.25164113785558	3
D23_3	7.89097220897629	3
E1_3	6.09591459488649	3
E2_3	16.2465264698984	4
E3_3	4.71047716080828	4
E5_3	7.50860245604066	3
E7_3	7.70720630468176	0
E8_3	9.13884597299657	0
E9_3	7.458831126897	0
E10_3	5.07585987767098	3
E11_3	5.24692119746292	4
E12_3	8.24331571286294	4
E17_3	7.68929678728511	0
E18_3	7.41525423728814	6
E23_3	9.83050847457627	9
E24_3	4.13192685061495	4
F1_3	5.73125258942135	3
F2_3	6.59461609866066	3
F3_3	11.3417202929638	6
F4_3	12.2743227053952	6
F5_3	6.23767775493939	3
F6_3	7.17884130982368	6
F7_3	6.92786676724201	4
F8_3	6.30115933313287	4
F9_3	8.44727558963296	0
F10_3	3.67478397486253	0
F11_3	6.77252636748439	1
F13_3	14.6822967678746	6
F14_3	7.94438927507448	9
F15_3	8.87947827559922	4
F17_3	7.92856858556778	3
F18_3	6.82774018241922	4
F20_3	8.08915602304032	7
F21_3	8.5972850678733	0
F22_3	12.357808523905	0
F23_3	11.8177706302141	7
F24_3	3.93695438024389	3
G1_3	6.90697331564205	3
G2_3	7.27781958030265	7
G3_3	3.85907919793884	3
G4_3	9.28996036988111	4
G5_3	7.52706613784972	4
G6_3	9.58108150323327	4
G7_3	6.38174461703873	0
G8_3	10.1213852195644	0
G9_3	10.0142365428628	0
G10_3	11.6331777281645	4
G11_3	10.6442496251009	4
G12_3	8.26030405765581	0
G13_3	11.981936957841	0
G14_3	9.88854813374224	4
G15_3	8.65468282433838	4
G16_3	11.495673671199	1
G17_3	10.9424070180903	0
G18_3	7.63975780587076	8
G20_3	10.9788506256229	6
G21_3	9.51325703261465	3
G22_3	8.7202093952335	1
G23_3	8.72375722212688	3
G24_3	9.61011208773486	4
H1_3	5.22686978790466	3
H3_3	11.3637929414712	4
H4_3	7.3222852158744	3
H5_3	6.55276895557259	4
H6_3	10.6483757826073	4
H7_3	7.55473971157228	0
H8_3	5.73997040676736	3
H9_3	10.7583977836777	0
H10_3	10.4750351414322	4
H11_3	7.86581839213418	3
H12_3	7.35571319625307	3
H13_3	9.01152875366669	3
H14_3	7.01087247603235	3
H15_3	9.17849898580122	0
H16_3	7.06330848967703	3
H17_3	7.68878478991926	0
H18_3	6.40668088463912	0
H20_3	8.01387859597117	4
H21_3	5.70770893033307	3
H23_3	10.2606212067119	0
I1_3	10.1853796368774	4
I2_3	8.08428798394514	3
I3_3	15.3095887590715	1
I4_3	5.78163219924394	3
I6_3	10.2078653688452	3
I7_3	7.08151328940549	3
I8_3	11.7220858439336	0
I10_3	9.25256834407104	4
I11_3	6.84722953161416	0
I12_3	11.4785768496585	4
I13_3	6.12039127163281	0
I14_3	6.42100159312877	3
I15_3	7.47311827956989	3
I16_3	7.64273915247861	0
I20_3	10.0733610735115	4
I21_3	7.99550773466652	3
I22_3	7.15192048428454	3
I23_3	14.1993867324807	4
I24_3	5.40228838507997	0
J1_3	9.29057882637367	0
J3_3	2.92500467551898	3
J4_3	6.44045072310892	0
J6_3	8.03655846202332	0
J7_3	13.0869938002902	6
J8_3	9.2272274763564	3
J9_3	8.17035914459599	0
J10_3	8.13896674981356	3
J11_3	12.1274429170094	4
J13_3	9.91164968860136	0
J15_3	4.1458248037453	3
J16_3	11.4216281895504	4
J17_3	8.27688453771632	3
J18_3	9.39218627240912	4
J19_3	9.77819564938673	6
J21_3	7.32484076433121	9
J23_3	7.14955013047727	0
K1_3	3.4732695554305	0
K2_3	6.72426646786304	0
K3_3	7.49921171565708	4
K4_3	4.42469486906032	3
K5_3	5.11693111578411	4
K6_3	7.14285714285714	0
K8_3	4.53626305689004	3
K10_3	8.65342302131138	3
K11_3	10.6237257269542	4
K12_3	3.64990689013035	3
K13_3	5.59460147695442	4
K14_3	11.5688594415523	6
K16_3	11.3425925925926	4
K17_3	4.58404074702886	3
K18_3	13.1945174746731	4
K19_3	5.41131275665651	3
K20_3	13.2113229515354	4
K21_3	8.4171850862177	6
K22_3	6.81882220343759	0
K24_3	7.23815767906901	0
L1_3	2.52152759006835	0
L2_3	9.49116987023125	3
L3_3	4.77665276950566	3
L4_3	7.93994484730875	7
L5_3	6.54838937386762	3
L6_3	4.90330495020926	3
L7_3	9.41498635723362	0
L8_3	4.57742037212236	3
L10_3	15.8931940211871	4
L13_3	11.2837737106576	0
L14_3	10.05344105176	3
L15_3	6.88825924426772	4
L16_3	6.26460280373832	3
L17_3	8.86089202205626	6
L18_3	7.87717982734422	0
L19_3	3.744880046811	3
L20_3	8.05685467622385	0
L21_3	8.01174905066372	4
M2_3	5.61672931542836	0
M3_3	10.496878251821	3
M4_3	4.09389229749663	3
M6_3	6.25374958337962	3
M8_3	11.2523687744927	0
M11_3	8.03679230786117	3
M12_3	7.3814150188593	3
M13_3	15.3914077092885	4
M14_3	7.38547834216267	1
M16_3	10.5156348877299	3
M18_3	4.92780197112079	0
M19_3	11.3337246955896	4
M20_3	8.71328414975027	0
M21_3	6.76450034940601	4
M22_3	8.055891293997	4
N1_3	7.29086722947045	3
N2_3	15.6827299291764	4
N3_3	16.0622038547864	3
N4_3	12.8432551028744	3
N5_3	8.46214600022565	0
N7_3	10.8064490356806	4
N8_3	8.79554258126088	3
N9_3	4.49579079348021	0
N10_3	10.1669088202984	3
N11_3	9.93482983345402	4
N12_3	6.87210908872469	4
N14_3	11.0123963349966	3
N16_3	8.84807692307692	3
N17_3	4.02963448973455	3
N18_3	6.27971025428205	8
N19_3	9.55113974768531	3
N20_3	9.4101555821508	3
N22_3	8.08806029353431	3
N23_3	9.76879816704853	0
N24_3	9.83521047852713	3
O1_3	8.18970131677551	4
O2_3	1.18702649862095	4
O3_3	4.67862215909091	4
O5_3	9.27130432170164	4
O6_3	9.15883572524839	3
O7_3	9.36868779609975	4
O8_3	11.0682413463197	0
O9_3	5.0752457002457	4
O10_3	7.10122805800319	4
O11_3	4.27669960709608	0
O12_3	5.63482686540034	0
O13_3	5.973041485887	3
O14_3	11.0889189650868	0
O15_3	3.50388214214613	3
O16_3	6.05970230187349	0
O17_3	10.2433578923867	0
O18_3	11.2574899450053	6
O19_3	12.0427604072732	4
O20_3	9.44531190006911	4
P1_3	8.36489006951902	7
P2_3	5.50712047407775	6
P3_3	6.74936488682398	0
P4_3	9.84459811138374	4
P5_3	5.82973077087703	4
P6_3	7.85290746923115	0
P7_3	6.90898244417931	3
P8_3	6.29325831743423	3
P9_3	4.53936959961056	0
P10_3	6.47684530797058	4
P11_3	7.24014521486135	4
P12_3	11.6065796496676	3
P13_3	11.3617651901861	0
P14_3	8.62096861180024	1
P15_3	6.9756162622919	3
P16_3	9.95580996420047	4
P17_3	11.4347546353161	1
P18_3	4.86972166825631	3
A1_4	8.92220902612827	2
A2_4	10.7424305267524	2
A3_4	11.1789465700959	5
A4_4	7.19320730535085	5
A5_4	5.80502892490979	2
A9_4	9.83836964160225	5
A11_4	11.5324097171585	5
A14_4	8.76832608345417	5
A15_4	16.3919056176264	8
A23_4	8.84046692607004	5
A24_4	9.04327139458626	5
B3_4	9.52076166093288	2
B5_4	11.7373153500321	5
B7_4	9.965097547879	5
B8_4	4.60850401866736	5
B10_4	11.9892833221701	5
B12_4	12.8045619491965	2
B14_4	5.78420066311086	2
B15_4	11.5767045454545	5
B16_4	7.54635432424256	2
B18_4	8.48795231298799	2
B21_4	9.36093247588425	2
B23_4	11.1426915753746	2
B24_4	8.43767011431682	2
C1_4	4.36095436095436	5
C2_4	11.0654104520096	5
C3_4	12.4802486724518	5
C4_4	12.2207033091355	2
C5_4	4.94752623688156	2
C6_4	7.52391925061363	2
C7_4	8.39214719388541	2
C9_4	4.23110171933532	5
C10_4	7.94961628294962	5
C11_4	8.43562603131163	2
C12_4	8.88675886621936	2
C13_4	8.52744124691915	2
C15_4	6.41633399866933	2
C16_4	16.6071428571429	5
C17_4	10.9380071405388	5
C18_4	13.1596638655462	5
C19_4	10.6598672892603	5
C22_4	9.76202611047948	5
C23_4	9.71784481464806	5
C24_4	5.83818176607148	2
D1_4	8.98026601756064	2
D2_4	5.80111356496314	2
D3_4	8.95658037468117	8
D5_4	9.27134674303983	2
D6_4	10.5532529515197	2
D8_4	5.96851291496733	5
D9_4	7.43179680150518	2
D10_4	13.524565874474	5
D12_4	6.43797115915001	2
D13_4	11.8347071346689	5
D15_4	9.72922183309132	2
D18_4	10.4392634499658	5
D19_4	9.55115322040387	5
D20_4	10.5208946439082	5
D21_4	9.73207708115234	2
D24_4	7.66641478326579	8
E1_4	8.08737804503897	8
E2_4	8.03861267725953	2
E3_4	9.13807741894909	2
E4_4	10.1961678832117	5
E5_4	8.43918041906175	5
E6_4	5.75180592091528	5
E7_4	7.58930377442453	2
E9_4	11.7152875858374	2
E12_4	11.5245680463072	8
E14_4	4.47710330138445	2
E15_4	13.9905548996458	5
E16_4	12.8551747890477	2
E19_4	11.4930906639703	2
E20_4	12.2234101143616	5
E21_4	11.0890689620389	5
E22_4	7.4849211539859	2
E23_4	9.35062929503513	2
E24_4	9.07179333133073	8
F1_4	9.53096552322053	2
F3_4	12.7017543859649	2
F5_4	5.79346750247443	2
F6_4	10.6143499320486	2
F7_4	7.6854620532536	2
F8_4	8.59021183345508	2
F9_4	5.62666328728932	2
F10_4	13.6919101222023	5
F13_4	14.2532329117522	5
F14_4	11.4084363190685	5
F15_4	10.2952515981394	5
F16_4	10.6027120678836	2
F19_4	9.64347505459909	5
F20_4	9.14108890189847	5
F21_4	9.93948464341489	5
F22_4	10.6206236680729	5
F23_4	9.9190914952474	2
F24_4	10.9533355607529	2
G1_4	10.7096319084523	2
G4_4	4.47090340824527	2
G5_4	16.0837684545339	5
G6_4	8.43101986809734	2
G8_4	10.3844108723531	8
G9_4	13.2995658465991	5
G10_4	10.2179349767774	2
G12_4	7.59088276378999	2
G13_4	12.6048867038776	5
G14_4	8.64433732544849	5
G15_4	12.6349856345563	5
G17_4	6.58837495230424	5
G18_4	6.99669310524876	8
G19_4	10.7938061449194	5
G20_4	6.89519544959458	5
G21_4	6.31233511357055	2
G22_4	8.76135531924054	5
G23_4	7.73948119240482	2
G24_4	12.0654918986408	2
H1_4	5.80737651505278	5
H2_4	9.78909823990075	2
H3_4	15.8315495172775	5
H4_4	12.0691024973296	5
H5_4	15.4518103537711	5
H6_4	8.25548435483693	5
H7_4	10.0450653447499	5
H8_4	10.7760297959864	2
H9_4	9.98438098606077	5
H10_4	8.2975951359861	2
H11_4	8.82938805762728	5
H12_4	14.8292395301566	2
H13_4	6.93787618228719	5
H14_4	9.77304439445283	5
H15_4	8.24237949096615	2
H16_4	8.42796704520151	2
H17_4	6.46388766141307	2
H18_4	14.3655462184874	2
H19_4	6.62621637092158	2
H21_4	12.3020499368503	2
H22_4	6.98463737048946	2
H23_4	11.1864837398374	2
H24_4	8.85009553586938	2
I1_4	7.68964456070165	5
I3_4	11.9842178182037	2
I4_4	6.18703246326338	2
I6_4	9.30944917151814	2
I7_4	10.5529486179962	8
I8_4	6.63298858133557	2
I10_4	7.49570730418703	2
I11_4	6.19937240020433	2
I12_4	6.49704882847433	2
I13_4	6.94773069477307	2
I15_4	9.54925490015432	2
I16_4	6.68659306754086	2
I19_4	13.2457226474561	5
I20_4	4.70957613814757	5
I22_4	11.6103129950292	2
I24_4	13.7663817663818	5
J1_4	9.21607263113262	2
J2_4	8.52642183350124	5
J3_4	9.79827089337176	8
J4_4	9.22305268194493	5
J5_4	12.0927168183996	5
J6_4	10.6870102271218	5
J7_4	16.1677408412483	5
J8_4	10.9285858790208	2
J9_4	12.7079984359387	2
J10_4	13.6322802814793	2
J11_4	15.1563610518834	5
J12_4	10.9262817271716	2
J13_4	10.9773096879114	2
J14_4	7.79586231737241	8
J15_4	5.91735267747983	2
J16_4	9.53082339416583	2
J17_4	9.79538811302371	2
J18_4	11.5377924676002	2
J19_4	14.4788182831661	5
J20_4	9.57473162675475	2
J23_4	6.52273042685224	2
J24_4	9.55181504765768	5
K1_4	9.18822479928635	5
K2_4	7.63224030636668	2
K3_4	10.9826589595376	5
K4_4	5.71868102468062	2
K5_4	4.99027548684113	5
K6_4	9.13392711717658	8
K7_4	11.9486144400992	5
K8_4	9.69933696579794	5
K9_4	5.56020942408377	2
K10_4	11.9281599457811	2
K11_4	8.14827818250973	2
K12_4	7.38946845504223	2
K14_4	14.7814601344861	5
K15_4	15.2639389442442	5
K16_4	13.9773025644018	5
K17_4	15.3314917127072	5
K20_4	7.98205532940101	2
K22_4	11.8968265468773	5
K23_4	4.90399171380766	5
K24_4	10.7154014370509	2
L1_4	10.1585060643008	5
L2_4	11.535005073199	2
L3_4	7.72377158034529	8
L6_4	6.89998841117163	2
L7_4	7.34952943751368	1
L8_4	15.8785249457701	5
L10_4	10.3908629441624	2
L11_4	9.74213836477988	2
L13_4	5.29497162465356	5
L14_4	9.55802563275362	2
L15_4	7.16622775516719	2
L16_4	6.72794498773282	2
L17_4	9.68694885361552	2
L18_4	8.83283782487772	8
L20_4	7.75760811532301	2
L21_4	7.71714226202875	5
L23_4	8.58729257366396	5
L24_4	10.6555487242545	2
M1_4	8.49914349716695	5
M2_4	7.63753413968006	2
M3_4	8.38677779347366	5
M7_4	9.57923008057296	5
M8_4	7.07362012336778	5
M11_4	7.58047767393562	2
M13_4	10.1523348046862	2
M14_4	8.33936788992969	2
M15_4	7.93657070547295	5
M16_4	10.0789445225479	2
M17_4	6.62743050611483	5
M18_4	4.76280416784714	2
M20_4	6.58254436498988	2
M21_4	8.51725788438015	2
M23_4	10.8396658921058	2
M24_4	9.95868533020904	5
N1_4	9.33202357563851	5
N2_4	7.6263300562366	5
N3_4	7.4740207833733	2
N4_4	10.4622507654395	2
N6_4	5.27067167100325	2
N8_4	9.64347164979393	2
N9_4	9.17513378438907	5
N10_4	12.654054613871	5
N12_4	11.3486325055014	5
N13_4	7.21066041351943	2
N15_4	9.88378749713763	2
N16_4	8.76977703514177	2
N19_4	10.5471885938152	2
N21_4	9.95229260535383	2
N23_4	8.6446552991842	2
N24_4	8.01879603759208	2
O1_4	9.27920995254585	5
O3_4	15.7122921544975	2
O4_4	8.88877001533469	2
O5_4	9.3269330029937	5
O6_4	12.3923494621796	5
O7_4	11.8454622767586	5
O8_4	8.76787407301583	2
O9_4	8.71585140540637	2
O11_4	9.76234396547092	2
O13_4	15.6972669936931	5
O14_4	10.0903202262567	2
O16_4	14.291846910808	2
O19_4	12.0919097071078	2
O20_4	7.38047849222146	2
P1_4	5.6471651231082	5
P2_4	9.53775038520801	5
P3_4	10.6414245320307	8
P4_4	4.47433127188734	2
P5_4	5.73190126576763	5
P7_4	9.27535791361439	2
P8_4	5.63071944304692	2
P9_4	10.1357495990344	5
P10_4	4.79255186203449	5
P11_4	11.8113212147812	5
P12_4	9.45603916849923	5
P13_4	8.37528527319103	2
P14_4	14.4585077064408	2
P15_4	5.41843220338983	2
P17_4	10.6362386022108	2
P18_4	6.06972963208286	2
P19_4	14.5550155668616	5
A4_5	6.90348697189413	2
A6_5	5.78857913142008	5
A7_5	10.1522928344702	2
A9_5	7.97719905413659	2
A10_5	9.05733367906875	5
A11_5	10.0364260964847	2
A12_5	12.4430333596646	5
A13_5	8.62355254533537	2
A15_5	8.77054208504181	8
A17_5	4.4978900058325	2
A19_5	7.00848395426042	5
A20_5	8.97722145741025	8
A22_5	8.93840937985591	2
A23_5	8.21345191773207	8
A24_5	6.50988053197085	5
B1_5	6.00707504925667	2
B2_5	7.70486314555956	2
B3_5	4.67171501341857	2
B4_5	6.83382691674893	2
B6_5	6.99936692247116	5
B7_5	5.25050227010267	2
B9_5	9.10065695084195	5
B10_5	7.5088062261402	8
B15_5	5.38256857361225	5
B17_5	8.82251690282425	5
B19_5	7.57175374793962	2
B23_5	8.23739182562983	5
B24_5	10.8251586843624	2
C1_5	9.31425658020522	5
C2_5	10.8565641897701	5
C3_5	9.57056880401828	5
C5_5	4.72539828565587	2
C6_5	6.33064029904739	2
C8_5	9.50875757688446	5
C9_5	9.78955314565574	5
C12_5	6.34379406874197	5
C13_5	9.60664819944598	5
C14_5	9.78903714388748	2
C15_5	6.39458413926499	2
C16_5	9.02793614595211	5
C18_5	11.0529351732706	2
C21_5	8.32497045114962	5
C22_5	7.93791256098728	2
C23_5	6.33725792961462	2
D1_5	6.0119653916851	2
D3_5	9.9564934740211	2
D4_5	10.5852582403322	2
D5_5	9.68324062672498	5
D6_5	7.86044362292052	5
D7_5	6.206187812215	8
D8_5	8.43853820598006	2
D10_5	6.48538137547268	2
D11_5	16.8503305950711	9
D15_5	9.24936744447568	2
D16_5	10.869945737791	5
D20_5	5.98479882359194	2
D21_5	6.70382627881322	8
D23_5	11.5819273273	5
D24_5	7.80964379230275	5
E1_5	6.40358861006371	5
E6_5	5.36769394735317	8
E7_5	8.2681272822118	2
E9_5	10.7394164759725	2
E10_5	5.59848189957182	2
E11_5	7.43892592513201	2
E12_5	7.07275705608628	5
E13_5	12.3232903917009	5
E14_5	11.6349897283397	2
E15_5	9.4910394265233	5
E16_5	9.03256803596554	5
E17_5	11.3916266122898	5
E19_5	9.52658776462744	2
E21_5	7.25021626297578	2
E23_5	8.12729862454559	2
E24_5	8.14293795037013	8
F1_5	7.89217777019534	2
F2_5	7.55733025884735	2
F3_5	9.98781337047354	2
F5_5	7.70910471850375	2
F6_5	6.18556701030928	2
F7_5	7.43945361602279	2
F8_5	8.33111823052925	2
F9_5	7.09687467552694	2
F10_5	7.66653099986433	2
F11_5	7.61601001557481	2
F12_5	8.897790287852	5
F14_5	6.73956055399354	2
F15_5	5.71181627361403	2
F16_5	10.5110667806593	8
F20_5	7.17038884480218	5
F21_5	6.72894928415433	2
F22_5	4.61980712166172	2
G1_5	8.86666150750658	5
G2_5	7.56639206401919	5
G5_5	9.00919559274294	5
G6_5	5.63425064784343	2
G7_5	8.1240516256628	5
G10_5	3.92499111818224	2
G11_5	9.71760614531288	5
G12_5	9.5384672785613	5
G13_5	10.5039556843259	5
G14_5	5.17402274219749	2
G15_5	3.3642213180865	5
G16_5	9.19450452615557	5
G17_5	7.85998013902681	8
G18_5	8.24978585302882	2
G19_5	9.23014422100345	2
G20_5	7.58248928105387	2
G22_5	6.92894586598848	5
G23_5	9.13307274954787	5
G24_5	7.89559543230016	5
H4_5	11.8550070038021	2
H5_5	9.35774694485226	5
H6_5	8.01431683784625	5
H8_5	8.08374730050533	8
H9_5	6.37064760226374	2
H10_5	9.62555869743683	5
H11_5	8.06574122577265	2
H12_5	6.54277513094428	2
H13_5	5.86425029919644	2
H14_5	7.60418457307041	2
H15_5	7.28028990601488	2
H16_5	11.3848570867477	5
H17_5	8.65482615160983	5
H18_5	5.68522718958074	2
H19_5	9.23784236505872	5
H21_5	8.99364189512546	5
H22_5	4.97785031475868	2
H24_5	10.739232383068	5
I1_5	7.91717417783191	5
I2_5	5.66580454908027	5
I3_5	8.76942578526585	5
I5_5	10.1483216237315	2
I7_5	10.3057776872273	2
I8_5	9.9743202583404	5
I9_5	8.37244778221075	5
I10_5	10.8974627679004	8
I11_5	8.74230757336796	5
I12_5	10.3632664201881	2
I13_5	8.1929648241206	8
I14_5	5.51725569998754	2
I15_5	9.24963116661801	5
I17_5	9.58726757293689	5
I19_5	10.034096444228	2
I20_5	4.20343233288927	2
I21_5	9.10345993463316	2
I22_5	10.580446621991	2
I23_5	17.0149253731343	9
I24_5	5.78212894850714	5
J2_5	9.5205588399035	8
J3_5	10.8850457782299	5
J7_5	10.5243999057836	5
J8_5	11.0684451630288	5
J10_5	10.0491628562588	2
J12_5	8.03621147757466	5
J13_5	7.82532646936057	5
J15_5	8.59939264609324	5
J16_5	9.21381881319579	8
J17_5	7.62571461906428	2
J18_5	10.6905894651505	8
J19_5	8.72992777968837	5
J21_5	6.46841370245625	2
J24_5	9.81095769300778	5
K1_5	12.8951996911329	2
K3_5	8.01650017394762	5
K5_5	8.03785767500897	2
K6_5	10.8998446815973	5
K7_5	9.72054028877503	5
K8_5	9.88974153308352	5
K9_5	9.46199641443696	2
K10_5	7.80755115378815	2
K11_5	9.75020145044319	5
K12_5	10.1304570259209	5
K13_5	7.84197169574065	5
K14_5	5.8152902854953	2
K15_5	11.2631755864487	2
K16_5	7.85967743414357	2
K17_5	7.85054102795311	2
K19_5	8.30327823371854	8
K20_5	6.85229351646983	2
L1_5	7.21813089928431	8
L4_5	7.65771211644945	2
L5_5	8.32026857966333	5
L6_5	5.92748162332448	2
L7_5	8.10650119992216	2
L9_5	8.52419518708816	5
L10_5	9.13285283188269	5
L11_5	7.49753285202306	2
L12_5	10.0607394267366	5
L13_5	7.21202505676067	2
L14_5	7.45315794162188	5
L16_5	11.3199086906897	2
L17_5	7.57970350867151	2
L18_5	7.08822551351904	2
L19_5	6.10847814639284	5
L20_5	6.15940139743456	2
L21_5	4.27569827635246	2
L23_5	9.21225843820757	5
M1_5	9.36945956656863	5
M2_5	11.0199821055771	2
M3_5	8.21264269892657	2
M7_5	8.06853253083868	2
M8_5	8.05038858453306	5
M12_5	9.70021633872463	2
M13_5	12.602563797655	2
M14_5	7.63435577080554	2
M15_5	13.4873128161719	5
M16_5	7.88360141493693	2
M17_5	7.95575598323982	2
M18_5	7.89541711289191	2
M19_5	8.10400433155206	5
M20_5	8.81712719916003	2
M23_5	9.02646129541864	2
M24_5	9.60646718688598	2
N1_5	10.0247355721808	2
N2_5	9.21281756273516	5
N3_5	9.25719122124393	4
N4_5	8.23357968148225	5
N5_5	10.3116785580173	2
N8_5	8.59928644738771	2
N10_5	9.88571372126791	5
N11_5	14.2294183157714	5
N12_5	7.64460743457243	2
N14_5	13.6621315192744	2
N15_5	5.66841580468742	2
N16_5	8.1787895613548	2
N17_5	5.94212417416837	2
N18_5	12.0915118320711	5
N19_5	9.64757554872849	5
N20_5	8.03703131365635	2
N21_5	10.0539437952348	5
N22_5	9.13896146800012	2
N23_5	9.88332870351998	2
O1_5	8.24235385210995	5
O4_5	8.6652410228994	5
O5_5	10.0269167317878	5
O6_5	14.1201741824239	5
O7_5	10.9848484848485	9
O8_5	11.8750761483166	5
O9_5	8.91938801748521	2
O10_5	3.86762320772928	8
O11_5	6.40080380506281	8
O12_5	5.27560339204174	2
O13_5	9.45535077512105	5
O14_5	6.3114384886463	2
O15_5	8.21825134201044	2
O16_5	9.25437428910239	2
O18_5	7.93037759974949	5
O20_5	10.2730628446106	2
P1_5	3.76970888787442	2
P2_5	8.53559585126649	5
P3_5	14.1260756955468	5
P4_5	4.8806982771764	5
P5_5	13.5171914585595	5
P7_5	7.60489951509375	2
P8_5	8.27385851934343	2
P11_5	8.30430345895352	2
P12_5	7.12389436203274	5
P13_5	7.77910000440742	2
P14_5	4.05213135279722	5
P16_5	6.64909926593361	2
P18_5	4.01757832460852	2
P19_5	9.18678384692402	2
A2_6	1.76508344030809	0
A3_6	4.80399253304888	3
A4_6	3.23792720381625	7
A5_6	6.97017131924515	3
A6_6	3.12413089830351	3
A7_6	2.95881024682707	4
A8_6	0.955474871010892	3
A10_6	6.89799769367858	4
A11_6	5.47720676114051	0
A12_6	5.00863557858376	3
A13_6	6.75788885786093	3
A16_6	4.51050356819781	0
A18_6	7.02493730844246	3
A19_6	5.73169215466866	0
A20_6	5.23031655844156	0
A21_6	6.72495253234424	0
A23_6	3.08748936706468	0
A24_6	9.04192625021047	4
B1_6	5.7086737572351	0
B2_6	9.57936664877539	4
B3_6	2.48860575927077	3
B4_6	4.48202959830867	4
B5_6	11.7342231818628	4
B6_6	7.47046118663448	0
B7_6	2.87679169710557	3
B8_6	5.31233087418464	4
B9_6	7.73514337165813	3
B12_6	10.1863149216818	6
B13_6	4.18772563176895	0
B14_6	4.11054261947026	3
B15_6	4.39143077562163	4
B16_6	3.08571428571429	3
B17_6	4.44564713159116	4
B18_6	3.58026058391467	0
B19_6	8.51747512985298	4
B20_6	2.20308431804526	3
B21_6	8.70117982099267	0
B22_6	2.37968500485331	4
B24_6	4.65886026541764	3
C1_6	7.16984402079723	3
C2_6	4.22108522956779	0
C3_6	3.51512373968836	0
C4_6	7.78525966239277	4
C5_6	1.84205369390555	4
C7_6	4.94369615477518	3
C8_6	5.86104927401402	3
C10_6	3.36278141920775	3
C11_6	5.10901504943423	0
C12_6	6.61521499448732	3
C13_6	3.9708177561613	0
C14_6	5.73718240597396	0
C15_6	3.2928695297358	3
C16_6	5.46605576904129	0
C17_6	2.75740864190049	3
C18_6	4.54738451086956	4
C19_6	3.82001289874485	0
C20_6	1.84398987949741	0
C21_6	6.52991282358421	3
C22_6	6.13649397820684	0
C24_6	2.7841810615813	3
D1_6	6.48141482494661	0
D3_6	3.27333485228222	3
D5_6	4.37981605766841	3
D6_6	6.67015135675651	3
D7_6	3.01069362673578	3
D8_6	5.71170806825429	3
D10_6	4.41790809490029	4
D11_6	5.3623308707562	0
D12_6	4.14665599430808	3
D13_6	7.81261383782209	4
D14_6	8.29255080693365	0
D15_6	4.81339224262339	0
D16_6	14.2561983471074	9
D17_6	7.0786805288153	3
D18_6	2.70948210617364	4
D19_6	6.87179487179487	4
D20_6	2.2137362333278	3
D21_6	5.28392937303606	4
D22_6	3.96924779405341	0
D23_6	2.36776627337668	4
D24_6	8.47609798999578	4
E1_6	7.95343896609719	4
E2_6	4.80124404704053	6
E3_6	7.05888068402643	6
E4_6	2.63404152081239	4
E5_6	5.9380175065058	4
E6_6	2.33372228704784	3
E8_6	0.827192058956234	3
E9_6	3.27954299057627	0
E10_6	2.85264369208407	0
E11_6	9.6223854167603	4
E12_6	8.05891864179516	3
E14_6	1.31737306053411	0
E16_6	6.61417322834646	0
E18_6	4.64764050569533	0
E19_6	4.69025054860257	3
E20_6	8.53028250288524	1
E21_6	12.1028594122319	0
E22_6	7.09735691196045	0
E24_6	3.0887614777773	4
F1_6	3.5970904584151	3
F2_6	4.57981188134054	0
F3_6	5.52460195930114	3
F4_6	6.13432562679192	0
F5_6	11.8880412266963	6
F6_6	9.01644780474864	1
F7_6	7.3638266601345	0
F8_6	6.56042997571958	4
F10_6	2.52830012162036	3
F13_6	6.30687002998305	4
F14_6	9.45662175872402	0
F15_6	7.81332072696712	0
F16_6	8.92498997192138	4
F17_6	10.6089036918891	4
F18_6	1.7586446051719	3
F19_6	5.85616572978498	3
F20_6	7.50510025346714	3
F21_6	11.0558931230132	8
F22_6	6.21607308354296	0
F23_6	10.8605629246199	3
F24_6	5.32269804682761	4
G1_6	6.59135153363889	3
G2_6	2.47649678377041	1
G3_6	5.39709880608609	3
G4_6	10.738255033557	3
G5_6	2.90951944480817	3
G6_6	5.9381962607769	0
G8_6	5.97762314094692	3
G9_6	13.4931712574427	4
G10_6	7.65356379518632	0
G11_6	8.53094956991061	4
G12_6	5.60738590581223	3
G14_6	5.60991725136079	3
G15_6	5.19490283050783	0
G16_6	6.52313718612061	3
G17_6	6.31372011155306	0
G18_6	7.97471114017876	4
G19_6	5.95167540460451	3
G20_6	3.22741906456838	3
G21_6	5.78855728991661	0
G22_6	6.10417948861411	1
G23_6	7.34074190014086	0
G24_6	2.05194459749587	0
H1_6	14.0698476393504	4
H2_6	3.01023625867171	3
H3_6	5.33117654144654	0
H4_6	5.39885083202746	3
H5_6	8.70368624493259	3
H6_6	4.18899591611669	3
H7_6	6.52327532903454	4
H9_6	9.19364911606457	0
H10_6	5.25287828947368	0
H11_6	8.26350873273005	3
H12_6	5.87808140645901	3
H13_6	8.37204335522451	0
H14_6	6.0448390855398	0
H15_6	12.3171155749325	4
H16_6	6.86911935722592	0
H18_6	5.95473012188044	3
H19_6	5.61310266283421	3
H20_6	14.5279435702659	9
H21_6	4.01238052856355	0
H22_6	4.17864545029083	4
H23_6	3.10404995867389	0
H24_6	6.69627341185557	4
I1_6	2.78792865613127	0
I2_6	8.15912484580926	4
I3_6	3.05624539816051	4
I4_6	3.4443501942051	0
I5_6	10.5627445079747	4
I6_6	3.07832054905127	0
I7_6	3.07782500366408	3
I8_6	10.1712030109698	4
I9_6	5.78127046496398	4
I10_6	1.78133118980292	4
I11_6	4.77187667082517	4
I12_6	9.35221912521441	0
I13_6	6.95768361893217	0
I14_6	8.05864926688416	4
I15_6	6.16777034228505	3
I16_6	5.64652093156165	3
I17_6	6.27584485954656	3
I18_6	6.71737116669104	3
I19_6	5.4923701205921	3
I20_6	9.81348714355022	0
I22_6	2.92858751971165	0
I23_6	2.40649345352205	4
I24_6	4.37259003503113	3
J1_6	4.53343651254272	3
J2_6	5.13272997705902	6
J3_6	10.6779496157961	0
J4_6	5.96277300363438	4
J5_6	7.6120291115485	4
J6_6	9.84573915894148	0
J7_6	8.07024766527269	3
J8_6	7.16564417177914	0
J10_6	4.64518498118057	4
J11_6	13.4771999873245	3
J12_6	7.8049198105131	3
J13_6	7.85022710972986	0
J14_6	5.21512385919165	0
J16_6	8.86363636363636	3
J17_6	8.74762480566592	7
J18_6	8.63079213251829	0
J20_6	2.36859914279269	4
J21_6	3.49172932330827	0
J22_6	2.6743765811348	0
J23_6	3.14211936192292	3
J24_6	8.11413748378729	4
K1_6	5.82713884294227	1
K2_6	2.9967934310288	3
K3_6	3.3201581027668	0
K4_6	5.58947585759372	3
K5_6	9.83676568283193	0
K6_6	7.53824317930926	0
K7_6	8.08655806536264	0
K8_6	5.9551001350277	3
K9_6	9.9363153144118	0
K10_6	5.23111184818404	3
K11_6	4.29593580718983	0
K12_6	6.27183058368665	0
K13_6	7.21857647652701	0
K14_6	2.69760422561781	3
K15_6	4.46272653187939	0
K16_6	4.00809814176568	3
K17_6	10.4720439963336	4
K19_6	6.48133784244982	3
K20_6	4.77308294209703	3
K21_6	6.15501881758849	3
K22_6	3.59000619895965	0
K23_6	2.92733508813911	4
K24_6	5.40046350434801	3
L1_6	6.3985553223681	4
L3_6	10.1480116281279	0
L4_6	5.99345253084865	0
L5_6	8.22802542135453	0
L6_6	5.43616595760154	3
L7_6	7.66938153250285	0
L9_6	4.75874453466583	3
L10_6	8.43610848738362	4
L11_6	7.21236099230111	0
L12_6	8.59347858454514	8
L13_6	8.25637843559514	0
L14_6	5.60242389812053	3
L15_6	3.6132241076653	4
L16_6	4.73211314475874	3
L17_6	3.45637236283278	3
L18_6	5.2609371530091	4
L19_6	4.95515796115192	3
L20_6	8.31499558013128	0
L21_6	2.8938721392748	0
L22_6	7.33618233618234	0
L23_6	7.82152523927784	4
L24_6	3.65762284091805	0
M1_6	2.34203124564872	0
M2_6	5.39116440845144	0
M6_6	6.27125850340136	0
M7_6	6.66717741472103	0
M8_6	4.24650268514221	1
M10_6	8.5151459593799	0
M11_6	3.87566827092097	3
M12_6	9.08641531478902	3
M13_6	5.51791530944625	0
M14_6	7.60939794419971	0
M15_6	2.62753796280498	0
M16_6	4.48275862068965	0
M17_6	3.51705168863571	3
M18_6	9.1509811774129	4
M20_6	3.1986649050831	4
M21_6	3.22024821291359	0
M23_6	2.93246124381166	3
M24_6	8.80181087907689	0
N1_6	7.94732160291597	0
N2_6	6.03593723637591	7
N3_6	5.34169755726642	3
N4_6	7.76306889554546	0
N6_6	6.14501496625858	0
N7_6	6.68754328385174	0
N8_6	9.22506003056101	3
N9_6	7.95596798088959	0
N11_6	8.77442539492401	0
N12_6	6.44131589604326	3
N13_6	7.61700328487332	0
N14_6	9.05897848675545	4
N15_6	11.3418290854573	7
N16_6	5.71359313285138	3
N18_6	7.44673289143994	0
N19_6	2.51831501831502	3
N21_6	9.32012965061942	0
N22_6	5.30539082654873	3
N23_6	5.17880154639175	3
N24_6	7.11737089201878	0
O1_6	6.60415956358677	0
O2_6	3.64599143310061	3
O3_6	8.1124427725775	0
O4_6	6.39529922344537	0
O5_6	3.80304386750224	0
O7_6	7.79765771776728	4
O8_6	6.23994392493588	0
O9_6	11.1341093532257	4
O11_6	7.4724342663274	4
O14_6	6.03331305853179	0
O16_6	6.24566518156277	3
O17_6	5.46781047061653	3
O20_6	6.20386262518538	3
P1_6	6.65997742380535	3
P2_6	3.4205668367901	7
P3_6	5.9906495153068	4
P4_6	5.68647467326135	0
P5_6	3.71279761904762	0
P6_6	4.60056905230904	4
P7_6	10.6315789473684	0
P8_6	9.26478773465567	0
P9_6	4.74138832535085	0
P10_6	9.59873760144274	6
P11_6	7.96471329552615	3
P12_6	7.20275172838661	0
P13_6	8.20546854260685	3
P14_6	10.3501443749825	3
P15_6	3.87999145846679	3
P16_6	6.81983731941241	3
P17_6	7.07529579279249	0
P18_6	6.90924726559351	4
P19_6	4.67733039161611	3
P20_6	5.621925509487	5
A2_7	5.9431968945015	4
A3_7	3.24037779519916	3
A7_7	5.04699060187962	0
A8_7	4.90693036396876	0
A9_7	6.33337825090958	3
A10_7	8.51594315317063	4
A14_7	7.4462478920742	4
A17_7	10.826180711175	0
B4_7	6.18400894372904	3
B5_7	9.06966992152399	0
B6_7	6.42668676969468	0
B7_7	2.58875577651723	3
B9_7	7.42571017148842	4
B10_7	10.8809438090227	6
B14_7	5.37305562878987	3
B15_7	6.05650522317189	3
B16_7	7.30047484827709	0
B17_7	7.16240010835704	4
C1_7	4.3608364047732	7
C2_7	7.04899892804039	3
C3_7	5.68306761957119	3
C4_7	6.21578624309461	3
C5_7	7.29126734646937	0
C6_7	4.88432624216603	3
C10_7	6.72307870638693	3
C11_7	11.2532857213708	4
C12_7	10.2924506914532	6
C13_7	8.45483798724643	0
C16_7	7.85323281044457	0
C17_7	8.71595516012299	3
C18_7	7.62799798405028	3
D2_7	7.37028437435344	0
D5_7	7.03712533321775	4
D6_7	8.48726603252531	3
D7_7	6.48044147091859	3
D8_7	9.80622013818582	4
D11_7	8.91937056120318	3
D13_7	8.8525412394115	4
D14_7	6.73361992291728	3
D15_7	7.9714956676654	0
E3_7	4.57785031090545	0
E5_7	6.15972985068554	3
E6_7	5.6755779158857	0
E7_7	11.6816983488275	0
E8_7	5.63655365005396	3
E9_7	8.19409029548523	0
E12_7	5.89572001145147	0
E16_7	8.77131237290787	0
E18_7	8.38640388890982	4
F2_7	5.24932249322493	3
F3_7	6.80282753161644	0
F4_7	8.57107747762508	3
F6_7	6.78873794053948	3
F7_7	6.9575321533172	3
F9_7	9.7124643292225	0
F10_7	11.4098426113866	6
F12_7	9.27223055275969	4
F13_7	6.88915568385696	0
F15_7	6.53366972715687	3
F16_7	7.77179045608578	3
G1_7	7.03876963838463	0
G2_7	7.50907641902063	3
G4_7	9.36016449457228	4
G5_7	11.098730180839	0
G8_7	8.92348585532561	9
G13_7	4.77601156069364	0
G14_7	7.77501434857471	0
G18_7	8.21189721928898	0
H2_7	9.71072635135135	0
H3_7	11.5915037027183	0
H4_7	10.2044884939622	4
H5_7	6.69988008718522	3
H6_7	10.495643446923	4
H7_7	7.20202614958985	0
H9_7	5.39500409792253	3
H10_7	8.03098773402195	7
H11_7	6.64097180877176	3
H12_7	8.15739890815982	0
H13_7	5.89275101717386	0
H14_7	10.277731973334	0
H16_7	7.39260424862313	4
I1_7	13.2351468560556	0
I3_7	9.59046606815766	0
I6_7	7.14185157510586	0
I7_7	10.2045944005743	4
I8_7	6.64866742452949	3
I9_7	10.6570425847534	0
I10_7	10.9657507614542	0
I11_7	5.34484217652534	0
I12_7	7.12931700768824	0
I14_7	8.98427285292689	4
I15_7	9.01516997684903	0
J2_7	9.68963221833916	4
J3_7	6.73684210526316	7
J5_7	8.73538989129922	3
J6_7	8.85755165389465	4
J7_7	9.56282424395799	0
J9_7	6.02518394902526	0
J14_7	8.27700663850332	0
K1_7	7.80755248035651	0
K2_7	2.77073830038858	3
K3_7	7.96557374097481	0
K6_7	10.2646663364235	0
K7_7	7.03636189196968	0
K8_7	5.69113965275092	0
K10_7	6.79128719763327	3
K11_7	10.2717677283561	4
K12_7	5.95292946792237	3
K13_7	8.14399208630869	0
K14_7	9.87496176200673	4
K15_7	9.86336464560205	0
K16_7	7.54932602679371	0
L1_7	6.72761267039155	3
L2_7	8.46200525925427	4
L3_7	8.32149558934428	0
L4_7	8.7243707796194	0
L5_7	9.48689287130855	4
L6_7	5.15824837427445	0
L7_7	14.554683512876	4
L8_7	6.01533638491088	0
L10_7	10.42581121549	4
L12_7	14.4319925718633	4
L14_7	8.26795042507426	4
M2_7	8.42846452139601	0
M3_7	7.1584949849804	4
M4_7	9.15145057393326	3
M5_7	6.99933237137381	0
M6_7	7.71974584795035	3
M7_7	8.31297101262892	4
M8_7	5.61073759227104	3
M9_7	4.76064794958926	3
M10_7	9.31578709356487	0
M15_7	7.2927272364297	0
N3_7	7.0373391335871	4
N4_7	5.63262912609373	3
N5_7	9.84161185453996	1
N6_7	7.4243633816126	3
N7_7	7.66961651917404	0
N8_7	10.7350158399422	0
O1_7	4.84756792605334	3
O9_7	4.87628368598801	4
O11_7	6.94091059942791	7
O12_7	8.35714409406549	0
P4_7	9.24238929889299	4
P7_7	6.41899504281208	3
A4_8	2.72590077343897	7
A5_8	8.61440291704649	6
A6_8	8.86732527889941	6
A7_8	4.06898552253369	7
A8_8	9.9682062784883	7
A10_8	5.17779003965148	7
A16_8	9.79486482814835	7
A17_8	6.84210526315789	7
A19_8	6.42305355437896	1
B4_8	5.54564472451455	7
B5_8	5.28669076456581	1
B7_8	6.88312454522213	6
B8_8	7.00584549686723	8
B9_8	6.94340446773992	1
B12_8	5.87274326645164	6
B17_8	8.69780819200635	6
B22_8	8.03212851405623	9
B23_8	6.95446469762556	4
B24_8	4.42052702249077	6
C3_8	11.7407455683003	6
C5_8	9.49798623664098	7
C6_8	7.35580941766508	7
C7_8	9.1469135583919	7
C8_8	6.87147052179805	3
C9_8	10.7105817278984	6
C12_8	3.59630724007532	3
C13_8	9.7622027534418	4
C14_8	7.82068135736726	1
C15_8	5.30445338955977	3
C16_8	9.48170316963679	6
C17_8	8.00231232967214	3
C19_8	10.7570695134871	7
C23_8	7.16579536967887	8
C24_8	8.72835251533476	7
D1_8	7.47318705106759	3
D2_8	8.16353408214333	6
D3_8	4.78321549268157	1
D5_8	12.7023823291315	6
D6_8	6.30032290093533	1
D7_8	9.65688557677379	1
D11_8	7.31793391081167	7
D12_8	11.217999057641	7
D13_8	5.42377941216381	1
D14_8	6.24607235838047	1
D15_8	6.01081831592954	1
D20_8	6.59940744757073	7
D24_8	8.07738550661274	4
E1_8	5.56040465322592	0
E3_8	5.33839119730694	1
E4_8	9.32939165962796	8
E8_8	10.321830991678	1
E9_8	8.29608267243451	1
E11_8	9.82200647249191	8
E12_8	5.62492723250669	1
E13_8	4.76797469988383	7
E14_8	10.0043103069114	7
E15_8	9.4823049598737	3
E18_8	11.1399836389009	4
E19_8	4.61895038905138	6
E20_8	11.0644857412007	6
E21_8	9.56729916651889	4
E22_8	9.82513974487602	6
E23_8	5.76568549130462	0
E24_8	6.28041786788183	3
F1_8	6.60313712261764	1
F2_8	8.64697324308938	1
F3_8	4.52761847268337	7
F4_8	10.2848698975624	7
F5_8	9.95294538090416	7
F6_8	11.9052795290734	6
F8_8	7.12635129751122	4
F9_8	9.67862948605727	6
F10_8	3.88753421249067	6
F11_8	2.59711160450573	7
F12_8	7.45934265893324	4
F13_8	7.96060937631512	1
F14_8	7.74380039555758	0
F15_8	9.96248833710989	6
F16_8	10.5102271869575	4
F18_8	9.3400081371283	1
F19_8	8.72376380691141	1
F20_8	6.60719819381115	1
F21_8	4.40512942293992	4
F22_8	8.38231355800809	6
F23_8	7.26263525223664	6
F24_8	5.59894608073775	1
G1_8	7.12759949912839	6
G2_8	7.94316394905722	1
G5_8	6.24663526244953	1
G7_8	10.79440613771	7
G8_8	6.46010029096762	1
G9_8	7.47586773464777	4
G10_8	9.18495443555886	1
G12_8	6.6537309496449	1
G13_8	7.85120680742773	6
G15_8	7.80923959292633	7
G16_8	8.24593933100942	6
G18_8	9.35608953645497	6
G20_8	8.32169516012521	8
G22_8	7.2481731092003	3
G24_8	4.26564301369516	1
H4_8	8.52128243056825	6
H5_8	5.84223013048635	8
H6_8	9.8431990396879	6
H8_8	11.7579544729962	6
H10_8	5.00333704115684	7
H11_8	8.74543962853701	1
H12_8	7.90198779767762	6
H13_8	5.684401436007	1
H14_8	10.941089973348	4
H15_8	12.0465724425627	6
H16_8	5.97566647898357	1
H18_8	5.39625808897192	1
H19_8	9.3620759562103	6
H20_8	9.73961908030199	4
H22_8	7.24731881702957	1
H23_8	6.624975571624	7
I1_8	10.85387497535	1
I8_8	8.83647277615128	7
I9_8	7.26159321679054	7
I10_8	6.86649481445956	1
I11_8	13.1523673190897	4
I12_8	7.67686753845923	1
I14_8	8.33475457925436	1
I15_8	6.65075349431412	1
I16_8	7.93690431597786	1
I17_8	9.3087598338195	8
I18_8	7.19676255058515	7
I19_8	5.76274426798126	4
I20_8	7.70229921897404	4
I21_8	7.74221206058874	6
I24_8	6.28760291323623	1
J1_8	6.0125313283208	6
J2_8	8.80402157714669	7
J3_8	9.87283620916299	7
J4_8	8.0569953805114	1
J6_8	9.32163902973825	6
J10_8	9.86547085201794	1
J12_8	7.21689494025	0
J13_8	8.6321924286189	7
J15_8	9.24560210610736	6
J17_8	9.58004893861003	7
J18_8	6.70578627385742	1
J19_8	7.23226846574864	7
J20_8	5.73496843288269	3
J21_8	4.30998264681706	1
J23_8	5.20532099479468	3
J24_8	7.2101806798462	4
K1_8	11.0463773323409	6
K3_8	7.21715285329299	6
K4_8	6.46306599858596	1
K10_8	7.65743073047859	7
K11_8	9.95231082807517	1
K12_8	7.48998493360274	7
K13_8	14.634190249874	6
K14_8	6.16898861089632	3
K15_8	7.01343790201336	1
K16_8	8.334136608124	7
K17_8	4.84487059557218	1
K18_8	8.00475572849114	1
K19_8	8.69009924699998	1
K20_8	8.00499653854257	6
K21_8	4.53905337638249	7
K22_8	8.61300987593948	7
K24_8	7.54194957078336	7
L1_8	9.28620928620929	6
L2_8	9.91326176121209	6
L3_8	7.13464140730717	7
L5_8	7.12493146062676	3
L6_8	5.09393401252454	1
L8_8	5.21360584372464	7
L11_8	7.31164715773136	1
L13_8	5.25610980917308	7
L14_8	6.76707620771726	7
L15_8	9.15456592237622	6
L16_8	11.2412317203662	6
L17_8	3.66624238567143	4
L18_8	10.1841881552848	6
L20_8	6.68869136579355	1
L21_8	7.474104342868	7
L22_8	7.75867269984917	1
L23_8	5.41689617185348	4
L24_8	3.98813669759813	1
M2_8	8.72260112383649	6
M3_8	5.32681111577936	0
M4_8	6.33488600147095	6
M5_8	6.2359943622555	7
M6_8	12.2643698557213	7
M7_8	8.15165372753377	6
M10_8	6.2455634173708	7
M11_8	6.188806260933	7
M13_8	7.92957315741186	1
M14_8	6.84882450894376	4
M15_8	8.43991107623904	1
M16_8	5.85515947467167	7
M17_8	7.87982375645327	3
M18_8	5.83352726708556	7
M19_8	4.94042553191489	7
M20_8	4.33538943398638	1
M21_8	6.90773949976404	1
M22_8	6.47463288723076	1
M23_8	4.90774271426108	6
M24_8	12.8891152590107	6
N2_8	10.6354700263049	6
N3_8	9.23508501868486	1
N4_8	10.6537875382372	6
N5_8	10.3314778528859	6
N6_8	9.36000998591273	7
N8_8	7.34927731966546	7
N10_8	5.92891466677874	1
N11_8	10.8562118431402	6
N12_8	6.52192101740294	7
N13_8	5.65410044589815	1
N15_8	6.09375977968329	6
N16_8	7.49374587725739	1
N17_8	7.91442536111187	6
N19_8	9.53434919553928	6
N20_8	6.81532203786615	1
N21_8	4.9146388074914	1
N22_8	9.74966024727369	8
N23_8	8.69364161849711	7
N24_8	11.9301981227896	8
O1_8	13.3077804843101	4
O2_8	6.77405702798498	7
O4_8	6.96113421302512	1
O5_8	8.79257879003177	7
O6_8	5.9445089804307	1
O7_8	5.44207041829672	0
O8_8	12.0126464036789	6
O10_8	8.99589892842969	1
O11_8	7.21600218459858	1
O12_8	3.26167992047714	7
O13_8	7.04215272310885	6
O14_8	5.47752053771471	8
O15_8	6.21172774197685	1
O16_8	7.83441595769142	8
O17_8	8.56838123918869	1
O18_8	4.56864352737542	6
O19_8	8.69419268210809	6
O20_8	3.78741915912582	3
P2_8	4.60276702563906	1
P4_8	7.24658840935194	3
P5_8	9.05883439549275	6
P6_8	8.42090247729542	1
P8_8	8.45056008336124	1
P9_8	7.07402683251557	7
P11_8	12.0356547485755	7
P13_8	12.1711895652863	6
P14_8	8.53494535911529	7
P16_8	5.08762299747906	7
P17_8	8.26247224898421	6
P18_8	7.12261330051396	4
P19_8	8.10517428536968	1
P20_8	7.70446551800899	1
A1_9	11.5168111973224	6
A11_9	5.78034682080925	4
A16_9	4.4728874208643	1
A19_9	9.39575155006053	1
A23_9	6.31589242053789	1
A24_9	6.25460313863237	6
B2_9	9.12242734740747	4
B3_9	5.5052790346908	8
B8_9	8.83400344629523	4
B11_9	8.4809996927174	0
B14_9	11.4408294601359	9
B16_9	9.27028153086126	1
B17_9	5.07075471698113	1
B20_9	8.71729604330455	4
B23_9	7.43681561056619	1
B24_9	7.86221620068153	6
C1_9	7.61709371862587	7
C3_9	8.23483820964929	6
C5_9	8.63625564267047	6
C6_9	6.61158320529303	7
C8_9	7.16918335901386	6
C9_9	10.6164383561644	9
C10_9	5.60847887245481	4
C11_9	4.51222298377884	4
C12_9	9.78807024526143	6
C13_9	4.23441338168207	3
C16_9	4.35544796210113	1
C17_9	11.3425925925926	9
C18_9	7.70110015716531	7
C22_9	5.50341887440135	7
C23_9	5.31746348737202	1
C24_9	6.6324147594582	1
D3_9	6.13281283006751	1
D6_9	12.1343821982702	6
D8_9	7.4472352849406	1
D10_9	15.049504950495	9
D11_9	8.87055061832887	1
D13_9	8.22298124166652	8
D14_9	10.5114203298198	1
D16_9	5.94670535940487	1
D17_9	7.09554292075862	7
D18_9	6.60367454068242	6
D20_9	8.48747765660461	6
D21_9	11.3123472761248	6
D23_9	4.708340858079	6
D24_9	6.14063498454993	1
E2_9	4.83749174086776	1
E3_9	5.08912736345327	4
E8_9	8.0594050730881	3
E10_9	5.54812456434506	1
E11_9	4.87167439948317	1
E12_9	12.3373802501315	6
E13_9	8.61426042412144	1
E14_9	11.4550999292055	6
E15_9	8.57332650604077	7
E16_9	7.61231044436313	7
E17_9	9.73778696550974	6
E18_9	6.94197877003318	7
E20_9	7.42114488809692	7
E21_9	5.68105684492621	1
E22_9	6.23814941221085	7
F1_9	6.36040882194728	1
F3_9	3.68408067600074	7
F5_9	10.7055347362352	7
F7_9	8.55689987725758	1
F8_9	8.62623313276905	7
F9_9	10.3280314347766	1
F10_9	6.52702578691383	6
F12_9	6.28046650140582	7
F13_9	7.69767009542694	4
F14_9	8.85238982872015	1
F15_9	9.45206026937372	1
F16_9	3.68814777666332	6
F17_9	4.77339088485464	3
F18_9	7.89282139932672	7
F20_9	7.51020728643216	6
F22_9	4.51076868683892	1
F23_9	9.07925605243428	6
G3_9	7.16101775917111	7
G4_9	4.0311287374261	7
G5_9	8.274231678487	6
G6_9	7.0139084012363	1
G7_9	2.81233664401464	4
G8_9	8.57057726687299	7
G10_9	6.90493143051729	7
G11_9	9.44284671206545	7
G12_9	8.40280409245926	1
G13_9	10.9166088937308	1
G14_9	11.7923121595957	6
G15_9	9.39555620523315	6
G16_9	6.79166666666667	6
G17_9	4.93950231149768	0
G18_9	4.70836756249267	3
G19_9	5.49886059645299	1
G20_9	8.89167843506459	7
G21_9	3.32772402187631	0
G22_9	7.65373644710775	4
G24_9	7.45231199440727	1
H4_9	13.4327712926935	1
H5_9	6.19968972279952	1
H6_9	9.86348599916134	6
H8_9	7.41740846958918	1
H10_9	7.96773817163526	1
H12_9	8.26778569337367	6
H13_9	7.36736233341715	4
H14_9	8.70108684138048	1
H16_9	6.56077899273685	6
H18_9	7.94830524521871	6
H19_9	6.4489530758083	1
H21_9	5.58583700344482	7
H22_9	6.26125585304358	7
H23_9	5.52939690786744	6
I1_9	10.5318774216273	1
I2_9	4.9752522980009	7
I3_9	7.54744137640884	4
I4_9	9.1255863909905	4
I7_9	12.0101073910297	6
I8_9	7.90836937407917	7
I10_9	5.60865252002226	1
I11_9	7.07311035317417	4
I12_9	9.45664239109836	1
I13_9	4.87399078792973	4
I14_9	7.34114652697623	6
I15_9	4.74010094177637	4
I16_9	10.6169954745778	4
I17_9	8.58010873041253	1
I18_9	6.13252263737701	6
I19_9	7.95727105734242	7
I20_9	12.6933672388218	6
I21_9	10.8836879024287	7
I22_9	8.15405194515662	7
I23_9	7.08778804787664	7
J3_9	5.11415925325386	1
J4_9	7.31482119479087	1
J5_9	7.97358883266946	6
J6_9	11.6472480483308	1
J7_9	12.6202700953532	7
J8_9	7.08743521329776	1
J9_9	5.92824824539528	7
J10_9	14.9022425206548	1
J11_9	9.69456649876755	7
J12_9	8.26916311613181	6
J14_9	6.182727133602	1
J15_9	4.95617487359419	7
J16_9	7.93968139183699	6
J17_9	9.58879111075064	4
J18_9	9.27792513999411	6
J19_9	5.30466278483334	7
J20_9	3.23319963984612	6
J21_9	12.447012170108	8
J22_9	11.6957111141673	1
J23_9	8.37638376383763	6
K1_9	8.18815331010453	9
K2_9	7.5008931101174	1
K3_9	6.01759594398579	1
K4_9	10.377358490566	9
K5_9	7.20129419921424	7
K6_9	9.32577293986176	7
K7_9	3.57275358017363	1
K8_9	6.67802442480265	4
K9_9	5.36914374123676	7
K11_9	8.17004169148302	7
K12_9	8.9295173736882	6
K13_9	5.65335954287476	7
K14_9	7.68639449569214	3
K15_9	6.12784595677865	1
K16_9	6.82837680677854	1
K17_9	9.10769230769231	7
K19_9	13.4767607063122	1
K20_9	3.12658913075573	7
K21_9	9.68612429249328	4
K22_9	7.87658138413711	4
K23_9	13.3896922109713	6
L1_9	9.89096482773836	7
L2_9	9.3451347690899	7
L3_9	12.668408230356	6
L4_9	10.5952604264366	6
L6_9	6.10411681059897	7
L7_9	10.8777824443511	1
L8_9	6.43079033364264	1
L9_9	9.49376127968423	6
L10_9	4.74299243870771	7
L11_9	5.0362782757149	1
L12_9	12.1987951807229	9
L13_9	11.4306724405589	6
L14_9	5.29295724130864	1
L15_9	8.21465235650956	1
L16_9	5.25614949004229	0
L17_9	6.10973988988039	1
L18_9	5.99489131001408	6
L20_9	6.64204667094841	0
L21_9	4.48387137278537	3
L22_9	7.36006140765234	3
L23_9	4.03029901506117	7
L24_9	7.68743035007493	1
M1_9	13.5099983742481	9
M2_9	12.6881720430108	9
M3_9	8.77057175148241	7
M4_9	5.82196803050301	6
M5_9	6.5369847986209	1
M6_9	5.06049094542847	6
M7_9	6.59581400051679	1
M8_9	6.06495351421298	7
M9_9	10.3852596314908	7
M10_9	6.87371291812768	1
M11_9	6.43227706113292	7
M12_9	5.69827854526301	1
M14_9	5.94146318926286	1
M15_9	13.0437918041358	1
M16_9	9.77261163946616	4
M17_9	10.3151434506918	7
M18_9	9.5595192206609	7
M19_9	14.2291765054857	7
M20_9	5.5367564587571	7
M21_9	11.5818261132177	6
M22_9	9.24053690348849	4
M23_9	7.7969379532635	1
M24_9	8.17811155059155	7
N1_9	7.80723292688002	1
N3_9	8.29897623569741	6
N4_9	8.21917808219178	6
N5_9	6.18320006333624	6
N6_9	9.11626177491324	7
N7_9	6.198205602356	4
N9_9	5.60072453327295	1
N10_9	7.28265252318476	0
N11_9	7.41960991038482	6
N12_9	3.46109604798291	7
N13_9	9.41923568329306	7
N14_9	9.23114370036815	6
N15_9	8.66950414635535	7
N16_9	4.38748972524289	7
N17_9	5.59961968624115	4
N19_9	2.76855193582811	3
N20_9	5.26969764552203	7
N21_9	9.02965171007216	8
O3_9	7.4690427832012	3
O5_9	7.26448379893981	6
O6_9	4.54684234012072	1
O7_9	9.058869237031	7
O8_9	8.79811336646172	6
O9_9	5.80669763572072	7
O11_9	13.3765999639445	6
O12_9	5.31963297186623	1
O13_9	6.72680186111842	1
O14_9	6.21564785164651	3
O15_9	18.3546267690191	6
O16_9	8.87187570367034	8
O17_9	6.91034168376121	7
O18_9	10.1578540383436	7
O19_9	3.45705448489175	1
O20_9	8.38576517194314	7
P2_9	10.7248218581219	4
P4_9	12.183968693664	6
P5_9	7.05719237435009	1
P6_9	6.80102778223864	7
P7_9	10.2352829754705	6
P8_9	10.7422130968503	6
P9_9	11.7072956278988	8
P10_9	4.9761493772853	3
P13_9	5.84700595673529	6
P14_9	8.87457932533058	1
P16_9	8.30164421967332	7
P17_9	10.8212608903061	6
A2_10	4.60738329983089	1
A3_10	6.0579050408264	2
A4_10	10.0094280326838	5
A5_10	4.1156202143951	8
A7_10	6.0716970033659	8
A8_10	4.49471838515161	2
A9_10	4.17206673100786	5
A10_10	4.97025356668399	2
A11_10	2.79229932021339	5
A12_10	7.6823655507219	5
A13_10	4.42301837003958	2
A15_10	4.09133074031279	2
A17_10	4.79894576935044	5
A20_10	8.94216941320697	2
A21_10	9.55957530475816	5
A22_10	9.69477628671172	2
A23_10	3.80763698537194	5
A24_10	5.99746220054731	5
B1_10	6.10235401763433	5
B5_10	10.6527223039731	2
B6_10	11.0955391221374	5
B7_10	6.34039188120552	5
B8_10	5.237678463979	2
B9_10	2.66772950710775	2
B10_10	6.79232866409702	2
B12_10	6.42736672288626	5
B13_10	7.68472326460936	5
B15_10	3.80854592844167	2
B16_10	2.00556259814958	5
B17_10	2.41786033531733	5
B19_10	3.71025711915952	5
B21_10	5.70705327350132	2
B22_10	9.09729473184623	2
B23_10	3.95995474337436	5
B24_10	3.21557814923315	5
C1_10	4.79440596875105	5
C4_10	3.08199106727835	5
C5_10	6.51370357014064	8
C6_10	7.14171519926916	2
C7_10	5.51553608526781	5
C8_10	3.44096244560646	2
C9_10	6.36109590619688	5
C10_10	4.71032661384682	2
C11_10	5.86232060325955	2
C12_10	7.39895914073746	5
C13_10	3.2034921164993	2
C14_10	3.44462483235689	5
C15_10	5.47192181942298	2
C16_10	3.38874030942144	2
C17_10	3.21361758876808	2
C19_10	3.55599786397398	5
C20_10	3	2
C21_10	6.6235491135878	2
C23_10	3.23375837572552	5
C24_10	2.41715337734891	2
D3_10	3.86806491093677	5
D4_10	4.13636235994496	2
D5_10	3.23031053814013	2
D8_10	2.36488699639699	5
D9_10	4.24498527142657	5
D11_10	5.08717948717949	2
D12_10	5.04567337365757	8
D14_10	3.82473669138002	2
D15_10	7.21453436746112	8
D16_10	2.57368065954681	5
D17_10	4.13645548555806	2
D19_10	3.67471846914954	2
D20_10	3.47164845925518	2
D21_10	5.25317546985459	2
D23_10	7.01384842916685	2
E2_10	14.619757588759	5
E4_10	7.41279069767442	2
E6_10	2.63424338774713	5
E7_10	2.22618640340159	5
E8_10	4.96152173501995	2
E9_10	3.65974563068294	5
E10_10	7.14456178032337	5
E11_10	5.60492296388143	5
E12_10	3.55753196220122	2
E13_10	4.418762746431	2
E15_10	4.8955190208962	5
E16_10	6.78862440058677	2
E18_10	6.63171303141278	5
E19_10	2.79206252360615	2
E20_10	4.99558281799543	2
E21_10	5.76990497278347	5
E24_10	4.88364835948645	5
F5_10	3.54073861186952	2
F6_10	8.11172901921133	2
F7_10	6.24683864441072	2
F9_10	2.63001689420574	2
F10_10	9.25507352047637	2
F12_10	8.66678018048697	5
F13_10	7.88540613414223	5
F14_10	7.3275424159301	5
F15_10	3.6850181344741	2
F17_10	3.73740402289111	5
F18_10	5.68450971103742	2
F19_10	7.0120834859026	5
F20_10	7.53227004890187	5
F21_10	2.94264339152119	5
F22_10	6.36733801546744	5
F23_10	5.37758731196039	5
F24_10	3.61313423119176	2
G2_10	4.94695741859437	2
G4_10	6.48809921403603	5
G7_10	3.02165840597957	2
G8_10	6.50195320365672	5
G12_10	4.32280586919762	5
G13_10	4.95041039671683	2
G16_10	3.74011028530329	5
G17_10	5.51645347532489	2
G18_10	11.6793197692074	2
G19_10	2.80122414729256	5
G20_10	3.30303739098473	2
G21_10	7.77396463471382	1
G24_10	5.78372242508787	2
H2_10	6.86633002495792	8
H3_10	5.28163395564066	2
H4_10	8.45105023952831	5
H5_10	3.7983651226158	2
H6_10	4.75023159695005	5
H7_10	4.70779025767313	5
H8_10	13.1620259439808	5
H9_10	9.03356110283554	8
H12_10	2.48062015503876	2
H13_10	5.60461372552084	8
H14_10	4.33634504362234	2
H16_10	4.98956481409909	5
H17_10	3.6897178257919	2
H18_10	5.1765595463138	5
H19_10	4.30229028232199	2
H21_10	2.78342789851194	2
H23_10	7.25108928919815	2
H24_10	4.44245362563238	2
I4_10	4.12583806085611	2
I5_10	2.51408657871512	2
I6_10	2.73043310318188	2
I7_10	4.16830687136421	1
I8_10	6.31595926079543	2
I9_10	3.77984084880637	5
I10_10	7.44739361593775	5
I12_10	3.64361802235856	5
I15_10	5.64437421573639	5
I16_10	8.31993569131833	5
I18_10	3.5801631506698	2
I19_10	4.91630148460166	5
I20_10	3.34468039120333	2
I21_10	6.21541081311196	5
I23_10	8.34669827766543	5
J2_10	7.70866424143055	5
J3_10	4.52022473817324	2
J5_10	6.41244355243352	2
J6_10	5.88646532438479	5
J8_10	4.99030211381045	2
J9_10	5.58662174319533	2
J11_10	4.70996417071069	2
J13_10	5.63875284054821	8
J15_10	2.30024914537343	2
J16_10	6.49200386730699	5
J17_10	4.22340956973132	2
J19_10	6.37439053632803	5
J21_10	6.14317673378076	5
J22_10	6.2036451445984	5
J23_10	5.24793985832008	2
K5_10	5.05981461430797	2
K6_10	7.68987994804627	5
K8_10	5.2460292485798	2
K9_10	7.73231368757233	2
K13_10	5.56899348339547	5
K15_10	3.32223633181179	5
K19_10	2.76231181909267	5
K20_10	4.6269861868097	5
K22_10	3.82096408728311	2
K23_10	8.44982492331913	2
K24_10	2.14069222780356	2
L2_10	4.22294084078372	2
L3_10	7.09687250009524	5
L4_10	3.04904900706692	2
L5_10	1.99824872583578	2
L8_10	9.64749536178108	9
L9_10	6.09985014591056	5
L10_10	3.53571030226419	2
L12_10	3.69542401343409	5
L13_10	2.11826737377763	5
L14_10	5.59968385694527	5
L15_10	6.4584000365915	5
L16_10	10.5610561056106	9
L17_10	4.70748700556641	2
L21_10	3.77405470778643	2
L22_10	5.58971065027222	5
L23_10	3.62335250690702	5
M3_10	5.56990560278026	5
M4_10	6.41701734760916	5
M7_10	4.43682929028767	5
M8_10	5.13960578013052	5
M10_10	1.55855096882898	2
M12_10	1.17531560680853	8
M13_10	4.7293546148508	5
M15_10	6.96133689310788	5
M17_10	5.12417927490722	2
M19_10	4.4329698112399	5
M22_10	3.830491962981	2
M23_10	3.02452013757905	2
N1_10	4.78372291682845	5
N2_10	6.76606424552195	2
N3_10	5.54135605253815	8
N4_10	5.10721807390388	5
N7_10	5.99398541669527	5
N8_10	4.07053394858273	5
N9_10	6.61945030260147	2
N10_10	5.83265808349089	8
N11_10	5.48766706345021	2
N12_10	6.17993539806194	5
N13_10	6.021033932098	5
N14_10	3.75672889703356	2
N15_10	3.68089162633817	2
N16_10	3.59045277607048	2
N17_10	5.16332982086407	2
N18_10	6.84586308273835	5
N19_10	4.55503767502103	8
N20_10	5.34684136492232	2
N21_10	3.78363014222776	5
N23_10	5.70989568918622	2
N24_10	7.31096864845877	5
O3_10	5.21443540535635	2
O4_10	5.92045220360939	5
O5_10	4.16725827062331	2
O6_10	7.8198578207669	5
O7_10	5.72365176525195	2
O8_10	4.18985684726152	8
O10_10	4.06994368129677	5
O13_10	6.42514212249653	2
O14_10	3.72858509435603	5
O15_10	5.02591604997453	5
O16_10	5.39580779988058	2
O17_10	5.37455946233915	2
O19_10	5.84783161202375	2
O20_10	5.7421726454557	5
P3_10	5.59192425191172	8
P5_10	3.05536554526045	2
P6_10	3.20449937871951	2
P7_10	5.61578812519384	8
P8_10	8.5355626605168	2
P9_10	8.25878766416727	5
P10_10	6.58007728638901	5
P11_10	7.59393939393939	5
P13_10	3.64984996775008	5
P15_10	7.83466325434286	2
P19_10	5.3824033836671	5
A1_11	4.75762027175909	2
A2_11	4.74452554744525	9
A3_11	4.05776892430279	2
A4_11	5.54686929202893	2
A5_11	6.26137923648365	5
A7_11	5.23662839540745	5
A8_11	2.82729508943484	2
A9_11	6.55631794689003	2
A10_11	6.87364644277079	2
A11_11	6.67042641852304	2
A12_11	2.86228275884224	5
A13_11	8.24332369450587	2
A14_11	3.57813673929377	5
A15_11	8.15531177829099	5
A16_11	8.73807669846213	8
A17_11	7.771364555174	8
A18_11	5.6870652872757	5
A20_11	11.1904029529376	5
A23_11	7.69903498190591	2
A24_11	5.14175746733886	2
B2_11	5.31228070175439	2
B3_11	8.69865928921047	2
B4_11	8.57381735800205	5
B8_11	4.29392539163755	2
B11_11	7.28281721019457	5
B12_11	9.33377153856989	2
B15_11	10.6114675591221	5
B16_11	4.8279043205131	5
B22_11	10.8256683918372	5
B23_11	3.806710133116	2
B24_11	6.36103151862465	5
C1_11	10.4127176687644	2
C5_11	7.16731722502933	5
C6_11	5.86879004799056	5
C7_11	7.25303832969773	5
C8_11	6.34233696463214	5
C10_11	4.32039818271262	5
C11_11	6.67169576889796	5
C13_11	5.64430721498784	5
C14_11	6.78586262138803	2
C15_11	4.60106597754986	5
C16_11	5.06204535729568	2
C18_11	6.18890312141846	2
C19_11	8.50429699933447	5
C21_11	4.96567450209834	2
C22_11	4.53763279964088	2
D3_11	4.75999726436938	5
D4_11	5.38373620374951	5
D7_11	7.90586384345603	5
D8_11	7.52082312591867	2
D9_11	3.96041959039985	2
D11_11	5.64646231850657	2
D12_11	5.26068236911611	2
D13_11	6.32176352002805	2
D15_11	4.86329935125116	2
D17_11	4.70120127730752	8
D18_11	3.39049958331506	8
D19_11	5.73851045380094	2
D20_11	4.13555140685425	2
D23_11	5.34587225448119	5
E3_11	3.36845598606156	8
E4_11	6.92645355882907	2
E5_11	7.5929439308925	5
E6_11	2.80290703980909	2
E8_11	5.44936905944632	5
E9_11	3.91572991885655	2
E10_11	4.11009972350803	8
E11_11	5.98595151225833	5
E16_11	5.9392006004879	2
E23_11	3.75610779699631	2
F2_11	7.298722156274	2
F3_11	5.22037086804622	2
F4_11	4.03680060082614	5
F5_11	4.5956809712119	2
F6_11	6.75021189005933	5
F7_11	5.26571613739469	2
F8_11	3.7213187017145	2
F9_11	5.50199756817787	2
F10_11	4.97854508042458	5
F11_11	7.57513998240834	8
F12_11	6.37112887112887	5
F13_11	6.35877309785783	2
F14_11	5.8659217877095	9
F15_11	2.68456375838926	9
F16_11	6.87289794212096	2
F17_11	5.39594661393969	8
F19_11	6.2502532517525	2
F20_11	3.14201762977473	5
F21_11	3.2461730895229	2
F22_11	6.86141742438899	2
F23_11	5.88849038148028	5
G5_11	5.87112056463309	2
G6_11	6.78513458677127	5
G9_11	8.83792048929664	5
G10_11	8.68537031065248	5
G11_11	3.92936123842185	2
G12_11	7.39799885945358	2
G13_11	4.93522516964837	2
G14_11	5.54557888958157	8
G15_11	5.84470798836429	5
G17_11	6.27460896579128	5
G18_11	4.5209947003669	2
G20_11	3.29973744388922	2
G21_11	7.9070217449145	2
G22_11	4.66038546060775	2
H3_11	6.55752070219509	2
H7_11	5.22101390466915	2
H8_11	9.96615169834183	2
H11_11	5.48296495298571	5
H12_11	9.72347254295666	2
H14_11	4.93543681452266	5
H15_11	5.93988206529556	5
H17_11	10.3515412052396	8
H18_11	5.93750889274637	5
H22_11	4.20688175996568	2
H23_11	6.10097514941805	5
I1_11	8.86083399546806	5
I5_11	5.53693763160236	2
I6_11	7.43704725767506	2
I7_11	10.4614027617252	5
I9_11	8.26121027427078	2
I10_11	7.25404732254048	5
I11_11	5.04180577303749	2
I12_11	9.57660614992966	5
I13_11	6.51020949350305	5
I14_11	4.22817255978945	2
I17_11	5.55292402987794	5
I19_11	4.67355868222375	2
I20_11	5.72971769029456	2
I21_11	3.11265500666478	8
J2_11	3.87282882219358	5
J4_11	8.22076738211652	2
J6_11	5.00753012048193	5
J7_11	7.94469818540921	2
J8_11	8.68735020674761	5
J9_11	2.83283258009948	2
J10_11	6.42300915136702	2
J11_11	3.37302953121773	2
J14_11	8.64077090011349	5
J17_11	7.14318254293654	2
J18_11	4.16148847779001	2
J19_11	9.71263733230276	5
J20_11	6.03435455086258	2
J22_11	6.95982132135738	2
K2_11	5.6250947113199	2
K5_11	5.9579095879137	5
K7_11	9.49914138523183	8
K8_11	6.6117563784949	5
K10_11	6.5989080943441	2
K11_11	7.32935283104792	5
K12_11	5.3244821929569	5
K14_11	5.68118174180902	2
K15_11	3.94476261842317	2
K18_11	8.40450615666754	2
K19_11	3.53641015300078	2
K20_11	3.06252058145552	2
K22_11	10.2621196140474	5
K23_11	3.56955655729112	2
L1_11	8.88223243109014	5
L2_11	6.38993924459362	5
L4_11	2.86679275871386	2
L5_11	8.56390629189927	5
L6_11	4.32849716001213	8
L8_11	9.74737746490583	5
L9_11	6.67272589562978	2
L11_11	8.81694685889762	5
L13_11	8.72190679789552	2
L15_11	7.22290234485356	2
L16_11	4.68394077448747	2
L17_11	5.17013429823951	2
L18_11	4.41844993901763	2
L20_11	5.04860910578497	2
L21_11	6.69291338582677	2
L22_11	7.76093864580787	5
L23_11	9.1021457529912	5
M1_11	7.84438775510204	2
M2_11	5.26638544589597	5
M4_11	3.45941185105446	2
M5_11	5.61995399395607	2
M6_11	9.74695096656434	5
M8_11	4.94183053639452	2
M12_11	6.99266503667482	5
M13_11	8.23240693523713	2
M14_11	9.34779125046739	1
M15_11	10.6158240098192	2
M16_11	6.18222308288149	5
M17_11	3.42987804878049	2
M18_11	4.34304456878256	2
M19_11	8.23285503846363	2
M20_11	6.58728815153396	2
M23_11	6.165661919782	8
N1_11	4.83668633554802	2
N3_11	3.72898597280223	5
N5_11	4.21556975189422	5
N6_11	8.45570671928549	2
N9_11	4.59557889387651	2
N10_11	7.72640298399012	2
N11_11	5.12607900667602	2
N14_11	7.93435625288418	2
N16_11	2.7785344592754	2
N19_11	7.51816587321473	2
N20_11	4.85022967533717	8
N21_11	3.79863444239731	2
N22_11	2.80222410428251	2
O1_11	7.40096618357488	5
O3_11	4.53132125533767	2
O5_11	5.78705506659397	2
O6_11	5.95591228988542	2
O8_11	3.97061395836977	5
O12_11	8.87238151834794	5
O13_11	6.827251995439	2
O17_11	4.53985209531635	8
O18_11	5.10174302920967	5
P1_11	7.96663790624101	2
P5_11	5.51754453023469	2
P8_11	7.62655857602326	2
P9_11	12.8329297820823	9
P10_11	5.81214322781526	2
P11_11	9.74267657232933	5
P12_11	3.83868226152414	2
P14_11	5.04398685228152	2
P16_11	3.81669899050177	2
P18_11	4.49995622610675	2
P19_11	4.4609725665581	2
P20_11	9.19263640781877	5
A1_12	3.63483852928841	0
A2_12	5.13847180513847	0
A3_12	4.01616182280812	4
A5_12	4.92838507921698	4
A6_12	6.13960524420112	0
A7_12	2.07045016290977	0
A8_12	5.34346271705822	0
A9_12	4.98001780796389	0
A12_12	4.06800653042842	0
A13_12	2.7943505174427	0
A14_12	6.97483096382755	0
A20_12	7.33208868864853	0
A21_12	4.98731297576341	9
A22_12	5.7236725556826	4
A23_12	13.6955107351984	0
A24_12	6.41153335376443	4
B1_12	4.02904747861987	4
B2_12	5.80981832238114	4
B3_12	2.890055619486	3
B4_12	4.42206117184621	0
B5_12	4.02277095102207	0
B6_12	3.06664482613376	0
B7_12	6.05911660224759	4
B8_12	1.96155996044202	0
B9_12	2.94217111937775	4
B10_12	5.24038323765128	3
B11_12	4.46725730089533	6
B13_12	2.86205141257317	3
B14_12	1.61122944999727	0
B15_12	5.27582211924071	0
B17_12	4.41573003710922	0
B18_12	3.58131651805922	3
B20_12	3.06361430530647	0
B21_12	2.74247369668678	0
B22_12	6.56240793479328	4
B23_12	3.71493555724033	0
C1_12	2.7575246406714	3
C4_12	2.2177079942986	4
C5_12	6.3640707118968	0
C6_12	4.01334570993222	0
C7_12	2.96857021740447	0
C8_12	6.62106610957612	4
C10_12	4.06710581076621	0
C11_12	7.93259704681335	0
C14_12	3.60849383934492	1
C15_12	4.32750715209468	0
C16_12	4.46156286907931	4
C17_12	2.30807827395886	0
C18_12	3.80515369744865	0
C19_12	5.71767193055511	0
C21_12	4.36096222755316	0
C22_12	2.58359670254381	4
C23_12	3.09800664451827	0
C24_12	4.27879743272154	0
D1_12	3.50082599118943	0
D2_12	4.20365597556319	0
D3_12	7.53931236673774	4
D5_12	6.8234623334046	4
D6_12	6.45744598798495	4
D8_12	3.82283864415387	0
D9_12	2.30328996747561	0
D11_12	2.40094779773325	3
D12_12	2.70597832420464	0
D13_12	5.43819995581462	3
D14_12	4.53256867281436	0
D15_12	6.79717937984995	3
D16_12	4.06257236215813	3
D17_12	3.6078568514309	4
D18_12	3.83397357818795	3
D19_12	3.75619756908851	3
D20_12	4.72716661803326	0
D21_12	6.43651377646963	3
D23_12	7.84632768361582	4
E1_12	5.03682733740856	3
E2_12	2.98248856443192	4
E3_12	5.40107796044471	0
E4_12	3.4308622560854	0
E5_12	7.10903093847316	3
E6_12	2.22907994832783	3
E8_12	2.62638677750105	3
E9_12	7.28155339805825	9
E10_12	5.76536788474585	6
E11_12	1.99553972253598	3
E12_12	6.18923106720899	0
E13_12	3.0818018018018	0
E14_12	3.48572057620935	0
E15_12	3.8143328801709	3
E17_12	6.10142400464981	0
E18_12	6.59694570665667	4
E19_12	4.51833341832831	0
E20_12	3.62830721808374	1
E21_12	8.2123352508556	4
E24_12	3.33341844551118	0
F1_12	5.26332432133314	4
F2_12	4.02399025395933	0
F3_12	2.31779682507481	0
F5_12	1.65569754744267	3
F7_12	4.11773648006689	3
F8_12	2.97095407442699	0
F9_12	7.49907928323787	4
F10_12	7.68395552858844	0
F11_12	2.12804045738325	0
F12_12	4.31693619324717	4
F14_12	4.45589904155102	3
F15_12	5.15528558832174	0
F16_12	3.23682696832895	0
F17_12	2.75745821132589	0
F18_12	6.07157574925054	3
F19_12	5.17690460022904	4
F20_12	6.44515124856196	0
F21_12	6.5803511227564	0
F24_12	3.51342316692218	0
G1_12	3.55777375855674	0
G3_12	6.37209755886145	0
G4_12	3.82786966425671	0
G5_12	4.58363752298749	0
G6_12	4.6560191809428	3
G7_12	5.05552535528461	0
G9_12	5.21481585952788	0
G10_12	6.5864282439248	0
G11_12	4.04195264590017	3
G12_12	8.95573680351906	0
G13_12	3.5185067916284	0
G14_12	4.32348850669039	3
G16_12	5.34034311012728	4
G17_12	4.0539911566209	3
G18_12	5.07083776922447	3
G19_12	4.56900212314225	3
G20_12	5.29360360189213	0
G22_12	4.82624256157218	0
G23_12	4.22088175846387	0
H2_12	8.64873500450228	0
H3_12	5.33674637797735	8
H5_12	6.80171493831089	4
H6_12	6.4579025980237	0
H7_12	2.71884131622411	0
H10_12	5.64698628025281	0
H11_12	7.4779010720331	4
H12_12	2.55511753540663	3
H13_12	4.16052210473471	3
H15_12	7.9247169128419	4
H16_12	5.4123544979237	0
H18_12	2.15305667112896	3
H19_12	2.71845524114611	4
H20_12	5.81262101394871	4
H21_12	3.27644698992557	0
H22_12	4.41827573484196	0
H23_12	6.2952443998377	8
H24_12	5.01976051436324	3
I1_12	3.63542154175302	0
I3_12	4.15344537156736	0
I4_12	5.05143011384998	0
I5_12	8.68856428052618	0
I6_12	5.37357063021236	4
I7_12	1.98954754888393	0
I8_12	3.37512627012894	0
I9_12	3.6496955134844	0
I11_12	5.60006607747584	3
I12_12	5.06939457447276	0
I14_12	5.93999240410178	0
I15_12	5.96383770573262	0
I16_12	4.58016678685675	0
I17_12	4.85816939830114	0
I18_12	7.06309283217041	3
I19_12	4.26626841819894	4
I20_12	3.99441805681804	3
I21_12	7.44654615403586	0
I23_12	6.42001462289795	0
I24_12	4.76639381955302	4
J3_12	5.21503231468922	4
J4_12	6.99100168100464	0
J5_12	4.86417074412735	0
J6_12	4.60107607091275	0
J7_12	6.9896321138627	6
J8_12	3.26874069588474	0
J9_12	4.43734469293575	9
J10_12	5.81840578966278	3
J12_12	10.9693740244362	0
J13_12	6.55125936385391	0
J14_12	5.65960264900662	3
J15_12	6.10132611955659	1
J16_12	6.62577699543429	4
J17_12	5.39990372051441	0
J18_12	3.98586021655023	0
J19_12	2.81431405687413	0
J20_12	7.14002438272058	0
J21_12	3.11644312433285	0
J22_12	2.54154698399672	0
J23_12	4.13319900890353	0
J24_12	6.62037784595511	4
K1_12	6.98362982357404	0
K2_12	5.15820735546971	4
K3_12	7.1969696969697	9
K4_12	6.78281942774264	3
K5_12	4.3912196886671	4
K8_12	3.85356700662471	4
K9_12	2.62795058460181	0
K10_12	3.06307694000374	0
K11_12	6.2635094703677	0
K12_12	3.10262529832935	0
K13_12	5.89411491524549	0
K14_12	3.63191639180224	0
K16_12	5.39814265955345	0
K17_12	6.93714525961741	0
K18_12	5.87435703362733	0
K19_12	4.77409469711125	0
K20_12	3.04850666607772	0
K21_12	5.35472451608432	0
K22_12	5.38044399254364	3
K23_12	6.13814950425803	4
K24_12	11.0669381686544	0
L1_12	2.81482391985741	0
L2_12	5.88176402863292	4
L5_12	6.08136765521516	1
L6_12	2.94504647206228	0
L7_12	3.84023827543273	0
L8_12	3.99905719673161	0
L9_12	5.25005680761842	0
L10_12	2.1280542299715	3
L11_12	4.50828752598094	3
L12_12	3.34909721615652	3
L13_12	1.74365040548687	0
L15_12	5.80713564886374	0
L16_12	7.2958022929027	4
L18_12	3.17249520436771	4
L19_12	3.84959513264439	3
L20_12	2.4001129464916	0
L21_12	3.78731362349647	0
L22_12	3.52355673523557	0
L23_12	4.3002939525052	0
M3_12	3.45202554419818	0
M5_12	3.07623252852326	0
M6_12	3.86949370883194	0
M8_12	2.03197103740152	3
M10_12	3.69029522361789	3
M12_12	3.64992732773707	0
M13_12	5.038755391934	3
M14_12	4.02189236255079	0
M15_12	7.08466848406587	0
M16_12	5.89861346750132	4
M17_12	5.01135303705518	0
M18_12	5.46798607580084	4
M19_12	3.18765561525357	0
M20_12	2.65850077988806	0
M21_12	5.18441196938065	0
M22_12	6.62571951750244	3
M24_12	5.85627087412185	0
N2_12	5.284091791868	3
N3_12	3.57007166345687	4
N5_12	3.11902605895965	4
N7_12	4.49291613654497	4
N9_12	2.86531312553617	3
N10_12	3.97713646174754	0
N11_12	4.52529317581894	0
N12_12	2.31529464021321	3
N13_12	4.3768021039068	3
N14_12	3.61757105943152	3
N15_12	5.30553119364597	0
N16_12	7.2333809913799	0
N18_12	4.73322485853753	3
N19_12	3.64544059907954	1
N20_12	4.82543674987014	0
N22_12	6.42351660315732	3
N23_12	4.38704350245469	0
N24_12	4.9745188151249	0
O1_12	5.18331226295828	9
O2_12	9.41138767225724	4
O3_12	4.39219836710009	3
O4_12	6.11660834704423	0
O5_12	5.21240990022138	0
O6_12	5.40070075208105	0
O7_12	4.576629324897	0
O8_12	4.01133212597597	0
O9_12	6.71040554781249	4
O11_12	7.48502994011976	9
O12_12	3.91128010139417	0
O13_12	4.70366098668055	0
O14_12	5.60331406446722	0
O15_12	6.38732428076782	8
O16_12	6.19800893909008	0
O17_12	2.32091602111046	3
O18_12	6.09295013906243	0
O19_12	2.91431113902847	3
O20_12	8.1489375727878	0
O21_12	5.84796413896152	0
P1_12	5.44943339950796	3
P2_12	4.29060096195586	0
P3_12	4.6054202902623	0
P4_12	5.06378180280499	0
P5_12	5.13398429420197	0
P6_12	8.36819041928095	0
P8_12	5.19972945830174	0
P9_12	5.91898643825838	3
P10_12	4.26444972288203	3
P11_12	5.29792746113989	3
P12_12	2.94992846924177	4
P13_12	2.543733868655	0
P15_12	2.8442024734236	3
P16_12	5.60180259122489	0
P17_12	2.33764483966586	0
P18_12	4.79084356244534	3
P19_12	4.60514984498794	0
P20_12	4.38891586321703	0
P21_12	8.34185352736032	6
A1_13	5.14884417096291	0
A2_13	6.42713354876304	0
A3_13	7.80349096635898	0
A4_13	4.36161224591223	4
A5_13	5.17966293325796	0
A6_13	3.06812642183945	0
A7_13	4.60946676821004	0
A8_13	6.0174886860474	0
A13_13	6.85444038328559	4
A14_13	6.02188194677297	0
A15_13	5.32567690177164	3
A16_13	5.56403042317573	0
A17_13	4.00996909867535	0
A19_13	5.01737140920261	0
A20_13	3.72440124956612	3
A21_13	3.46492169062433	0
A22_13	4.20852148803489	0
A23_13	5.91236079407899	0
A24_13	4.39673411007479	0
B2_13	6.69539089517546	0
B4_13	6.87743247736207	3
B6_13	1.82517654498823	3
B7_13	6.32375695228536	0
B8_13	6.80085290676932	3
B9_13	4.70313793362932	4
B11_13	6.66484397330583	0
B12_13	4.01598146621117	0
B13_13	3.25354764816648	3
B15_13	7.70127908532971	4
B16_13	5.86274843700586	0
B17_13	4.35276661962146	0
B19_13	6.85483870967742	0
B20_13	6.91180323321364	4
B21_13	5.00384779820436	0
B22_13	4.77860725167261	0
B23_13	5.91036905514871	0
B24_13	7.03016185581864	3
C2_13	3.71005306520648	0
C3_13	3.35122844691467	3
C4_13	2.10252237591538	0
C6_13	5.50434298710411	0
C8_13	1.6638765434197	0
C9_13	4.96005040235975	3
C10_13	2.31039406633416	0
C12_13	5.04981287227874	4
C13_13	6.10012660113196	0
C14_13	6.35877974677825	3
C15_13	4.2276853753893	0
C16_13	8.00010220507448	4
C19_13	3.39489407930473	9
C20_13	4.51950029414818	0
C22_13	6.35990233007136	3
C23_13	3.29875948514749	0
C24_13	4.72129259779049	4
D1_13	5.13885284194135	4
D2_13	4.77316267884074	0
D3_13	4.79323998857002	0
D5_13	2.15291915553666	0
D6_13	3.67833796334497	0
D7_13	5.43975123088883	3
D8_13	3.43594743929052	4
D11_13	5.29272181231693	4
D12_13	2.61757682724252	0
D13_13	6.03887298478228	4
D14_13	4.08517012625722	0
D15_13	3.77074638454819	0
D16_13	3.34386941548332	3
D17_13	9.58033947724669	9
D18_13	6.00271767903152	0
D19_13	5.72406847935549	0
D20_13	5.6638029924158	4
D21_13	3.76302349336057	3
D23_13	4.52097165560088	3
D24_13	8.26647468772497	0
E1_13	3.90564075903301	3
E3_13	6.09313373969164	0
E4_13	4.10300162879081	0
E5_13	6.201171875	3
E6_13	2.69902191407701	0
E8_13	3.48994003051701	3
E9_13	3.22827836101107	0
E11_13	4.68308133177482	0
E12_13	5.48168063119142	0
E16_13	3.41936584533645	0
E17_13	4.14158618864929	0
E18_13	3.36721659886435	3
E19_13	4.32554600787683	0
E21_13	3.81068874670681	0
E22_13	3.12093054053458	0
F1_13	2.41345157728168	0
F2_13	5.74479797423758	3
F4_13	6.22626835628345	0
F5_13	5.78846543498682	0
F6_13	4.99909436696251	0
F8_13	5.65943571998935	4
F9_13	2.36040975328235	0
F10_13	3.80740670671144	0
F11_13	2.77101308099081	0
F12_13	6.41450282100697	0
F13_13	8.49152150008681	3
F14_13	4.67759011847744	0
F15_13	3.9977190981665	0
F16_13	6.71066970477511	0
F17_13	4.20514635324862	3
F18_13	4.55092838939144	6
F19_13	3.97446137307795	0
F20_13	3.5115786463128	0
F21_13	5.63716819651579	3
F22_13	4.08443869297962	0
F23_13	3.8466398500516	0
F24_13	2.92563412759416	0
G4_13	7.50032412809542	6
G5_13	4.08002221215531	0
G6_13	2.62071599606305	0
G7_13	4.12336167841655	0
G8_13	5.29626240176639	3
G9_13	3.81345846509571	0
G10_13	5.57532842249727	3
G12_13	6.87338027199963	0
G13_13	4.41433074411798	0
G14_13	6.22302934407365	3
G15_13	3.02329960796398	6
G16_13	4.9927336439078	3
G17_13	5.7224258807285	3
G19_13	1.86119600945735	0
G20_13	3.43614831359541	0
G21_13	4.07691532023487	0
G22_13	4.09922962753551	0
G23_13	2.88569717943825	0
G24_13	6.62921717420584	0
H2_13	4.96384137566716	0
H3_13	3.51715447276436	0
H5_13	6.03571678829193	3
H7_13	4.63378011349835	3
H8_13	5.42204118578864	4
H9_13	8.94143145657849	0
H10_13	3.18374681021335	3
H11_13	5.62608912123475	0
H13_13	5.58805285238816	0
H14_13	3.15829603191818	0
H15_13	2.08065718318347	3
H16_13	3.91994145737931	0
H18_13	5.57539699451921	3
H19_13	7.05366220218361	4
H22_13	3.92683169301123	0
H23_13	5.70867113669803	3
H24_13	4.40754231840583	0
I1_13	5.68705927196493	4
I2_13	6.34154594821057	4
I4_13	2.69461077844311	3
I5_13	5.45756119881034	3
I6_13	4.23812402558147	0
I8_13	4.88580161155876	3
I10_13	5.06112360219777	0
I11_13	6.79123913074416	4
I12_13	2.44209315423052	3
I14_13	4.28557823561157	3
I15_13	2.58126043073989	0
I17_13	7.28480426852507	0
I18_13	2.54903208923027	0
I20_13	4.39101380653475	3
I21_13	6.09195762973987	0
I22_13	8.66648905326835	0
I24_13	6.16755917194056	0
J1_13	7.19760742777174	0
J7_13	6.44163759139552	0
J8_13	6.87517020340617	0
J9_13	7.04541032725008	0
J11_13	8.72382696695484	0
J12_13	7.8242579650393	0
J13_13	3.0054398630461	3
J14_13	5.48723621142126	0
J15_13	5.91257401602229	0
J16_13	6.64615384615384	3
J18_13	5.47992502712834	0
J19_13	2.55116232863103	0
J20_13	3.76170353798989	0
J21_13	3.7487984620314	4
J22_13	5.04542626011201	0
J23_13	5.34691609557325	0
J24_13	7.40978427210347	4
K1_13	6.65810827944719	4
K2_13	6.72325076930838	0
K3_13	9.17650856850771	0
K4_13	3.01761300652789	0
K5_13	2.85509562916827	4
K6_13	7.29684101165546	0
K7_13	3.93462938579506	0
K10_13	2.50195182604169	3
K11_13	6.18053772512196	3
K12_13	4.46815551807332	0
K14_13	4.08194851743238	0
K15_13	3.1730147625331	0
K16_13	4.66137047919614	0
K17_13	2.74744273159487	0
K18_13	2.36050885908738	4
K19_13	2.92641639452317	0
K20_13	2.50790274011596	0
K21_13	2.80256678107745	0
K22_13	5.56189854836079	0
K23_13	3.92995371748721	0
K24_13	4.18749436073265	1
L1_13	5.13981791155704	3
L2_13	4.10753540108281	3
L4_13	4.27292158018868	3
L5_13	5.7600312408474	0
L6_13	3.03447883962438	0
L11_13	3.31753170455005	0
L12_13	3.11723754197937	0
L13_13	6.30389211851404	0
L14_13	5.19717021508715	3
L15_13	5.73131432135555	0
L17_13	5.35734709905678	4
L18_13	3.63212979485427	0
L22_13	2.62148056499375	3
L23_13	7.28912578673171	0
M1_13	7.44387384722931	0
M4_13	4.66483660841283	0
M7_13	3.8713880228933	3
M8_13	2.34268546944002	0
M9_13	4.52296711544057	0
M10_13	5.4257385382697	0
M11_13	2.52780928838698	0
M12_13	1.95552705971498	0
M13_13	3.50474508938424	0
M15_13	4.13610621112245	0
M16_13	3.63810936192866	0
M18_13	3.62574850299401	0
M19_13	5.86948279675207	4
M20_13	3.5621833002864	0
M21_13	5.80063090584122	0
M22_13	5.23576640426811	8
M23_13	7.59459090288212	3
M24_13	3.8092922574978	0
N2_13	2.90020689987008	0
N3_13	8.9346531498337	0
N5_13	6.33393165802419	0
N6_13	3.47971033538293	0
N8_13	5.16982854162592	0
N9_13	2.29363779938276	0
N10_13	7.52893324387789	4
N11_13	6.17403773848871	4
N12_13	3.25851424833394	3
N13_13	3.66431529821797	0
N14_13	3.39183477538022	3
N15_13	4.55769110373755	0
N18_13	4.1597772169524	4
N19_13	6.00588638828033	4
N21_13	2.55887405108882	0
N22_13	3.02965075606737	0
N24_13	4.60647944361299	0
O3_13	5.74807480748075	0
O4_13	5.53544962602971	0
O5_13	7.29239658245743	4
O6_13	5.48241959673388	0
O7_13	4.70489113564808	3
O8_13	6.65562816001892	0
O9_13	4.40417087500178	0
O10_13	1.5786253962453	3
O11_13	3.04321161591885	4
O12_13	4.25604033599203	0
O13_13	3.95131247229152	4
O14_13	4.92777761824082	0
O15_13	5.31863023397164	3
O16_13	3.98998495857715	0
O17_13	5.67850070432599	0
O18_13	3.82378385572636	0
O19_13	5.22122869940333	4
O20_13	3.87533444918205	0
P1_13	9.79534324593297	4
P2_13	3.7618716701413	0
P5_13	3.67583134101282	0
P6_13	2.85840819941794	0
P12_13	6.38095840982465	0
P13_13	6.67575710564777	0
P14_13	5.39627775888041	3
P15_13	7.87119734455736	0
P17_13	3.35617611786877	0
P18_13	5.09576861862686	0
P19_13	5.03885295324907	0
P20_13	3.04302754340152	3
P21_13	5.52291421856639	4
A1_14	12.8711444220236	2
A2_14	3.99706795446706	6
A3_14	9.00741374948921	6
A4_14	6.09777238450203	1
A5_14	6.62369856222112	1
A6_14	10.1449079089924	1
A8_14	4.24602638569949	0
A9_14	5.50748152154317	1
A10_14	5.05591420087749	1
A11_14	6.88262663506277	8
A13_14	7.40846004452654	6
A14_14	4.83597285067873	1
A15_14	7.59840443822929	1
A16_14	7.12683928170981	1
A17_14	4.54824276538933	1
A18_14	6.49313462141562	6
A19_14	5.02270733343654	1
A20_14	5.4829374563072	1
A21_14	8.73177299682012	1
A22_14	4.24237138676512	1
A23_14	5.4062201678139	1
A24_14	8.27668825982784	4
B2_14	8.49153362360909	1
B3_14	5.35876185295404	1
B4_14	5.25315097059094	6
B5_14	5.71215980310792	1
B7_14	5.33459051008619	1
B8_14	6.75401702513474	4
B9_14	5.73068643865103	1
B11_14	5.36482851378614	1
B12_14	7.44355909694555	1
B13_14	5.88523632722873	1
B14_14	4.63510594527875	1
B15_14	3.97539134858097	1
B16_14	4.85157667682405	1
B18_14	5.52160676347548	1
B19_14	7.81192403010213	8
B20_14	4.31744208309401	1
B21_14	5.86507258753202	6
B22_14	5.12152346329444	6
B24_14	6.81970195574818	1
C1_14	5.30875802035228	1
C2_14	4.08954477238619	6
C3_14	2.9356464188122	1
C4_14	3.90846939094059	1
C5_14	4.78079463918829	7
C6_14	5.09906652400103	1
C7_14	5.40927911667905	1
C8_14	5.62544128877937	1
C9_14	4.80335848765035	6
C10_14	5.17058411795254	6
C11_14	7.70180964733494	6
C13_14	7.51661430956009	1
C14_14	8.49971477467199	1
C15_14	4.72332178789378	1
C16_14	5.07034184225603	4
C18_14	6.06272935643623	1
C19_14	5.13099404142628	1
C20_14	5.2726802791419	1
C24_14	8.58963376711766	6
D1_14	9.27116260076529	1
D2_14	6.08606165039249	6
D3_14	5.95552858567032	6
D4_14	6.02762305331363	1
D5_14	7.0585445058654	1
D7_14	6.05025261310473	4
D8_14	4.31262392597488	4
D10_14	9.50917889238804	8
D11_14	6.71574583660925	6
D13_14	4.69970933524593	6
D14_14	7.53842319514829	1
D15_14	6.02629807229909	6
D16_14	5.35765411449151	1
D17_14	6.31900703964431	6
D19_14	7.16482035297586	6
D20_14	5.97913754167114	1
D21_14	4.22928930838294	2
D22_14	4.79362874875222	6
D23_14	7.31704549323105	1
D24_14	6.20748834158482	8
E1_14	5.74534861021429	6
E3_14	3.40243956927751	1
E4_14	6.57797108865294	1
E5_14	6.51463803029685	1
E6_14	8.62296456124555	1
E7_14	4.94502547599893	1
E8_14	7.20214278628352	6
E9_14	5.2302765830534	1
E11_14	4.03644571222842	1
E14_14	6.90437665259087	1
E17_14	7.67960363336086	1
E19_14	4.87298056661204	6
E22_14	4.52861001193392	1
E24_14	5.82055650198751	1
F1_14	6.01654780990288	4
F2_14	6.42759822754667	1
F3_14	4.12794695914373	1
F4_14	6.85195671803976	6
F5_14	4.81910436347995	6
F6_14	4.56613270096307	1
F7_14	4.42756740488962	1
F8_14	4.50389270209309	1
F9_14	3.70654085203433	1
F10_14	6.89343375964801	1
F11_14	5.45611516569122	1
F12_14	5.78024114007486	1
F13_14	5.86087404776906	1
F15_14	8.94175646490801	6
F16_14	6.10432713382178	1
F17_14	6.35782048828499	6
F18_14	4.56423531800416	1
F19_14	7.55313076606534	6
F20_14	6.0907733381601	1
F22_14	7.35188360900591	8
F23_14	7.66672463264063	1
F24_14	6.73888551867579	1
G2_14	6.4967513683165	6
G3_14	5.44179523141655	1
G4_14	9.39549674891394	1
G5_14	4.25748196546623	1
G6_14	6.11571451102187	6
G7_14	6.14246068455134	6
G8_14	6.772806761877	6
G12_14	6.89061237994219	6
G13_14	6.52036095337011	1
G14_14	6.59549033348448	6
G15_14	6.83913543789599	6
G16_14	3.50636607596732	2
G18_14	6.96367071814319	0
G21_14	9.32403834183991	1
G22_14	6.6109259060114	1
G23_14	4.87588652482269	4
G24_14	4.46612101506148	1
H1_14	6.79315722319361	1
H2_14	6.79443173150267	1
H3_14	6.58295085348873	1
H5_14	6.7832218492671	1
H6_14	6.65524094823861	6
H7_14	8.38425772168715	1
H8_14	6.03460525309053	1
H9_14	4.59206154505722	1
H10_14	5.87312697672007	1
H11_14	9.23172105972557	1
H12_14	5.27627779714415	1
H14_14	7.5583549462764	1
H16_14	6.10160498739886	1
H19_14	6.07720968095431	1
H20_14	6.00403957237138	1
H22_14	5.72370007232982	1
H23_14	5.74826219337048	1
I2_14	6.85822632609332	1
I3_14	9.8285760491631	6
I4_14	6.2661760578752	1
I6_14	5.41107871720116	1
I7_14	5.64920714297237	1
I8_14	9.28869885124681	6
I10_14	2.38835611069011	6
I11_14	5.23797379191411	1
I12_14	7.31019462206461	1
I13_14	7.9869761801189	6
I14_14	8.66967023340216	1
I16_14	5.87138417403777	1
I17_14	4.80460414286638	1
I18_14	5.14800514800515	1
I19_14	6.46379219210148	1
I20_14	5.64546480993602	1
I21_14	6.76204483665374	6
I22_14	6.42108328479906	6
I23_14	7.84197172888728	1
I24_14	7.89294677831727	8
J5_14	4.13095000775245	6
J6_14	7.04975104238351	1
J7_14	7.48427159081624	4
J8_14	5.15090942130738	1
J9_14	5.24720035209545	6
J10_14	8.44054455126137	6
J11_14	8.87420847540185	1
J12_14	8.93648208469055	1
J13_14	7.35071148597805	1
J17_14	7.09937396560408	1
J18_14	6.92054122427076	1
J19_14	10.7094319108453	9
J20_14	7.31863830333366	1
J21_14	6.78564144401387	1
J24_14	5.87565742993955	4
K2_14	6.35231258932051	6
K4_14	6.16848905702095	1
K5_14	5.60132363586226	1
K6_14	9.68334098210188	6
K7_14	4.84548202888814	1
K8_14	5.75935007523721	1
K9_14	5.39067420845519	6
K10_14	5.97511093124431	6
K11_14	6.20684562271536	1
K12_14	4.84039535369823	1
K13_14	6.08076795762992	6
K14_14	5.98280334326064	1
K15_14	7.06071109260371	6
K16_14	7.62751040115054	1
K17_14	4.31863855988369	6
K21_14	6.89090313421426	4
K22_14	4.01004254132087	1
K23_14	7.48059829226071	6
K24_14	3.19904448318161	5
L2_14	6.45617981886236	1
L3_14	9.5166646998331	1
L4_14	9.52537722908093	1
L5_14	8.32627273773286	4
L6_14	6.55892122353874	1
L7_14	6.99637898720818	1
L8_14	5.29889656844913	1
L9_14	4.13670886075949	1
L10_14	6.05335516235334	6
L11_14	6.45231335901498	1
L12_14	6.82129927368397	6
L13_14	5.97470896589284	6
L14_14	6.55952137218772	4
L16_14	4.0886122158818	1
L17_14	8.97312098203655	1
L18_14	7.47655796199485	1
L19_14	4.59850014036119	1
L20_14	4.28159959549628	1
L22_14	5.99710588106809	0
L24_14	8.70791317723466	1
M1_14	5.56140541979836	1
M3_14	10.9701748371615	6
M4_14	7.19160552806688	1
M5_14	3.29822146940504	6
M6_14	4.7541812112878	1
M7_14	5.09511664365772	1
M8_14	5.45359030764684	1
M9_14	2.95740522050739	1
M10_14	5.65983344010249	1
M11_14	6.14261696805675	1
M12_14	4.2484763932741	1
M13_14	4.06730490281404	1
M14_14	6.04057548852103	1
M15_14	8.00086708904413	1
M16_14	3.31669475602577	1
M18_14	5.83426134666051	1
M19_14	4.84723740914646	4
M20_14	8.58767443374592	6
M21_14	4.77111800824969	4
M22_14	4.12707687617499	6
M23_14	4.58705002742415	6
M24_14	4.40073395975319	6
N1_14	6.38427681178368	1
N2_14	6.33455151631724	1
N3_14	5.72777387692905	1
N4_14	6.52270443338241	6
N5_14	6.93324733956788	6
N6_14	5.30462553520039	1
N7_14	7.59819931150145	1
N9_14	6.51027938850816	4
N10_14	5.24839699525972	6
N12_14	6.99296984292823	6
N13_14	4.16633458197178	1
N14_14	4.59535606723016	6
N15_14	6.12842623601209	1
N16_14	4.19372407725502	1
N17_14	4.85719634722193	4
N20_14	7.42661123318421	1
N22_14	4.74793189768074	1
N24_14	6.2093435836783	6
O2_14	4.30364228796335	6
O5_14	4.46817575832543	6
O7_14	10.3977527175019	1
O8_14	4.37435464188491	6
O9_14	6.9869965654529	1
O10_14	4.95538719333171	1
O12_14	4.18546249360554	4
O14_14	5.84866731230788	1
O15_14	6.80767997585862	1
O16_14	6.51692580200748	1
O17_14	4.54655288626623	4
O18_14	4.94517669531996	1
P1_14	7.52915954161455	1
P2_14	5.27069704489059	1
P3_14	9.57384549904234	6
P5_14	6.75850472125209	1
P6_14	7.39464426735587	6
P7_14	11.6928056495513	1
P9_14	5.84591363945129	1
P10_14	6.18385878090272	6
P13_14	6.20887439585396	1
P14_14	4.67203396840276	1
P15_14	7.16251609180095	1
P16_14	8.66307607691748	1
P19_14	7.88748438303814	1
P20_14	6.58394321245804	2
A2_15	4.03492564889591	6
A3_15	6.14084507042253	6
A5_15	4.22555259572564	2
A6_15	4.06456238395499	6
A7_15	6.61730484451026	6
A8_15	3.8399196032029	8
A9_15	3.77291847285104	1
A11_15	6.42107136501157	1
A13_15	5.94871794871795	2
A17_15	6.49524270049635	8
A18_15	7.13514809929248	6
B2_15	11.5096438390665	6
B3_15	6.66163189527676	1
B4_15	6.92897983749624	6
B5_15	5.44122901036084	6
B7_15	7.92165732791857	6
B12_15	5.14058569888609	1
B13_15	4.59034925923722	1
B14_15	6.89586347986628	6
B15_15	6.26323801959227	1
B16_15	3.16578369298359	6
B18_15	6.535654126895	6
B20_15	7.91375841426762	1
B21_15	5.94078565438947	1
C1_15	7.94551645856981	9
C2_15	7.8692268876318	6
C3_15	7.86632744275597	1
C5_15	4.2627197039778	1
C9_15	2.62830266980219	1
C10_15	3.47757360205493	1
C11_15	4.94835926264871	6
C12_15	5.32731243728233	6
C13_15	6.12614532282122	1
C16_15	4.78167417483732	1
C19_15	5.50924441594528	1
C20_15	8.86317106460419	6
C22_15	6.37108507542691	1
C23_15	5.18185855993683	1
D1_15	5.79290148406876	6
D3_15	4.75054229934924	1
D4_15	5.06247997436719	1
D5_15	4.68234542939236	7
D6_15	6.34534312660263	8
D7_15	6.93662180589316	1
D8_15	5.08863080684597	2
D10_15	4.8834840188463	1
D12_15	5.95005721208858	1
D13_15	6.23502617646189	1
D14_15	5.73518836090059	8
D17_15	7.53570236610515	1
D18_15	5.71865868930012	1
D20_15	9.20204674318905	2
D21_15	6.04143791473719	6
E1_15	5.31548302768646	1
E2_15	5.74539537460185	6
E3_15	3.87720570461687	6
E4_15	4.29308150827138	6
E5_15	4.52316642426761	1
E6_15	5.22066181291191	1
E8_15	4.6866391184573	1
E9_15	3.56711351475749	1
E10_15	5.61607485772145	6
E11_15	5.71754831295594	8
E12_15	7.63693919466375	1
E13_15	6.74058266839859	1
E14_15	4.47260009440844	6
E16_15	5.44750288445689	4
E17_15	5.75455422673178	1
E19_15	3.79315410606728	1
E21_15	5.03278474966347	1
F2_15	6.1497742487934	1
F3_15	8.26080198943114	1
F4_15	5.37622771178874	1
F5_15	4.53911621868539	1
F6_15	3.10394118848274	1
F8_15	6.33222321011468	1
F9_15	4.9564020192749	2
F10_15	10.1225607152724	1
F11_15	5.31926832005387	1
F12_15	5.75841093298977	1
F13_15	6.28491620111732	1
F16_15	7.98531687874097	4
F17_15	5.60806553245117	1
F18_15	5.36128974633798	1
F19_15	9.8041223041223	1
F21_15	4.32775031036961	1
F22_15	7.33123577110992	6
G2_15	7.19950407216605	1
G3_15	4.3596957963061	1
G4_15	6.81281727939988	1
G5_15	5.82609716029101	2
G6_15	4.63419543121666	6
G7_15	3.29621834476203	1
G8_15	5.37658298155965	6
G9_15	3.76571912866207	2
G10_15	5.36401882487165	1
G11_15	10.1265491131082	6
G13_15	6.85971463191474	1
G15_15	3.61169460282076	6
G16_15	6.65288217049932	6
G18_15	6.46705020920502	6
G19_15	5.84790405738624	1
G22_15	4.25067471027147	1
G23_15	6.83463196614326	6
H2_15	6.75860087624794	1
H3_15	7.7805639666919	1
H4_15	7.06134094151212	6
H5_15	6.96450715554513	1
H6_15	5.36041889619324	6
H7_15	6.47237269772481	1
H8_15	4.2409508373852	1
H9_15	5.90814827616003	5
H10_15	7.56582245483166	1
H12_15	7.64387659016636	6
H16_15	4.36032107818848	2
H18_15	5.5201297966268	6
H20_15	7.47766447071564	6
I1_15	6.64799003913198	8
I3_15	5.54926228935039	8
I4_15	5.36834499293855	1
I6_15	6.46587106143841	1
I9_15	9.33613461141646	2
I12_15	3.03399834154431	6
I13_15	5.7021742103104	1
I14_15	5.67066521264994	4
I15_15	7.64886512486848	1
I17_15	5.22108617713451	1
I18_15	5.43732569674509	1
I21_15	6.22338756667115	4
I22_15	7.02491491954119	4
I23_15	5.62287844944334	1
J1_15	6.14490020430615	2
J3_15	7.53367621846682	1
J4_15	4.68486902402114	1
J5_15	6.13188526573295	1
J6_15	8.82377065988599	1
J7_15	10.5158331659637	6
J8_15	6.81311910517086	6
J9_15	4.73989931586421	2
J10_15	6.84587457104491	6
J11_15	5.38163911361238	6
J13_15	9.99263770831939	6
J14_15	6.75611994345098	1
J18_15	4.72335743476894	2
J22_15	6.69217152972078	6
J23_15	6.98155018300426	6
K2_15	10.3175016943851	1
K3_15	6.90881307120398	1
K4_15	4.88719635335526	6
K7_15	4.28606342029694	1
K10_15	6.59546474731058	1
K11_15	5.09719419111064	1
K12_15	7.91874246456926	1
K13_15	6.24294847687101	1
K15_15	4.60197810639524	1
K16_15	3.75030711452739	0
K17_15	7.09973556852766	5
K18_15	8.62619808306709	9
K19_15	8.35819641131235	6
K20_15	4.68113319612691	2
K22_15	3.9575781984159	6
K23_15	6.11733941636298	1
L3_15	7.24081000033694	6
L4_15	12.8113879003559	9
L5_15	7.79193649467307	4
L6_15	5.55092978073828	6
L8_15	8.15010085275498	2
L9_15	4.86219081272085	3
L10_15	7.51933945248307	1
L13_15	6.69583683707937	1
L14_15	5.66037735849057	9
L17_15	6.4305311507753	1
L19_15	5.59373116335141	1
L21_15	4.64488122512963	6
L23_15	9.13096638752394	1
L24_15	4.65272957412927	6
M2_15	4.11336188495807	6
M3_15	4.51048951048951	1
M4_15	5.18469069870939	1
M5_15	4.06673764429004	6
M6_15	5.22091140411751	1
M10_15	6.12770999455599	6
M14_15	5.76124155853663	6
M15_15	7.93180977317358	4
M16_15	7.28893634922176	1
M18_15	7.34919158892522	1
M20_15	5.49643067653415	6
N1_15	6.11851990984223	1
N2_15	8.59481582537517	2
N3_15	10.2750699739407	6
N4_15	8.30816004365536	6
N7_15	5.02374792447002	1
N8_15	3.89129092032118	0
N9_15	6.79106393905675	6
N12_15	6.57549196821391	2
N13_15	7.59478295197461	1
N14_15	7.19805559017824	6
N15_15	6.55239034817281	1
N17_15	7.60783714234758	1
N18_15	7.67901501242035	1
N19_15	5.97495971240858	1
N22_15	9.99595850734205	1
N23_15	6.02601997885607	6
O1_15	6.47727272727273	6
O3_15	5.17380245866893	1
O6_15	6.76132822932431	2
O8_15	6.45774742199009	1
O12_15	6.35604213147927	6
O14_15	5.80907110318875	2
O15_15	5.11704992749119	6
O16_15	10.9119794362828	6
O17_15	5.85003498086341	2
O19_15	6.27499801340291	1
O20_15	7.17396996167853	6
P1_15	6.14095500459137	1
P2_15	2.59935334402607	1
P3_15	9.1944637243294	6
P4_15	6.99572800740116	6
P5_15	5.65972394003859	5
P6_15	5.3192865458413	1
P7_15	7.788906206086	6
P9_15	10.1330344877449	1
P10_15	6.87335054087759	6
P13_15	11.9537183487938	1
P14_15	8.8162072037092	1
P16_15	6.07671427648161	1
P18_15	8.03411204952174	6
